Date&Time,Temperature(C),Huminity(%),,
2022/6/27 9:33,28.7,53.6,,
2022/6/27 9:38,29,52.3,,
2022/6/27 9:43,29.1,52.6,,
2022/6/27 9:48,29.2,52.2,,
2022/6/27 9:53,29.2,50.5,,
2022/6/27 9:58,29.1,49.4,,
2022/6/27 10:03,29.1,51,,
2022/6/27 10:08,29.3,51.4,,
2022/6/27 10:13,29.2,49.8,,
2022/6/27 10:18,29.2,49.9,,
2022/6/27 10:23,29.3,51.1,,
2022/6/27 10:28,29.3,50.2,,
2022/6/27 10:33,29.3,49.8,,
2022/6/27 10:38,29.4,50.3,,
2022/6/27 10:43,29.4,50,,
2022/6/27 10:48,29.5,51.2,,
2022/6/27 10:53,29.6,51,,
2022/6/27 10:58,29.7,52.2,,
2022/6/27 11:03,29.8,51.4,,
2022/6/27 11:08,29.7,50.1,,
2022/6/27 11:13,29.7,48.8,,
2022/6/27 11:18,29.6,49.5,,
2022/6/27 11:23,29.6,49.5,,
2022/6/27 11:28,29.6,49,,
2022/6/27 11:33,29.6,48.6,,
2022/6/27 11:38,29.6,49.9,,
2022/6/27 11:43,29.8,49.8,,
2022/6/27 11:48,29.9,50.1,,
2022/6/27 11:53,30,53.7,,
2022/6/27 11:58,30,50.8,,
2022/6/27 12:03,29.9,50.5,,
2022/6/27 12:08,30,54.4,,
2022/6/27 12:13,30.3,54.4,,
2022/6/27 12:18,30.2,55,,
2022/6/27 12:23,30.4,56,,
2022/6/27 12:28,30.3,54.7,,
2022/6/27 12:33,30.1,54.7,,
2022/6/27 12:38,30,54.4,,
2022/6/27 12:43,29.9,54.1,,
2022/6/27 12:48,29.9,51.8,,
2022/6/27 12:53,29.9,53,,
2022/6/27 12:58,30.1,56.3,,
2022/6/27 13:03,30.1,53.2,,
2022/6/27 13:08,30,52.9,,
2022/6/27 13:13,30,54.5,,
2022/6/27 13:18,30.2,52.6,,
2022/6/27 13:23,30,53.1,,
2022/6/27 13:28,29.9,50,,
2022/6/27 13:33,29.8,51.4,,
2022/6/27 13:38,29.8,51.1,,
2022/6/27 13:43,29.9,52.7,,
2022/6/27 13:48,30.3,55.1,,
2022/6/27 13:51,30.1,53.2,,
2022/6/27 13:56,30,51.4,,
2022/6/27 14:01,30.1,52,,
2022/6/27 14:06,30,51.2,,
2022/6/27 14:11,30.4,55,,
2022/6/27 14:16,30.5,56.3,,
2022/6/27 14:21,30.5,54.8,,
2022/6/27 14:26,30.4,54.6,,
2022/6/27 14:31,30.1,54.1,,
2022/6/27 14:36,30.2,54.2,,
2022/6/27 14:41,30.2,57.9,,
2022/6/27 14:46,30.4,56.6,,
2022/6/27 14:51,30.3,55.6,,
2022/6/27 14:56,30.4,58.7,,
2022/6/27 15:01,30.2,55.8,,
2022/6/27 15:06,30.3,55.6,,
2022/6/27 15:11,30.2,55.3,,
2022/6/27 15:16,30,54.6,,
2022/6/27 15:21,30,54.3,,
2022/6/27 15:26,30.2,57.6,,
2022/6/27 15:31,30.1,54.9,,
2022/6/27 15:36,30.1,54.6,,
2022/6/27 15:41,29.9,52,,
2022/6/27 15:46,30.1,54.6,,
2022/6/27 15:51,30,54.3,,
2022/6/27 15:56,30,54.6,,
2022/6/27 16:01,30.1,56.8,,
2022/6/27 16:06,30.3,57.8,,
2022/6/27 16:11,30.1,56.2,,
2022/6/27 16:16,30.1,56.4,,
2022/6/27 16:21,30.2,58.8,,
2022/6/27 16:26,30.3,58.8,,
2022/6/27 16:31,30.2,57,,
2022/6/27 16:36,30,57.6,,
2022/6/27 16:41,30,57.6,,
2022/6/27 16:46,29.9,55.3,,
2022/6/27 16:51,29.9,54.5,,
2022/6/27 16:56,29.8,54.2,,
2022/6/27 17:01,29.7,51.8,,
2022/6/27 17:06,29.6,52,,
2022/6/27 17:11,29.6,51.9,,
2022/6/27 17:16,29.7,51.5,,
2022/6/27 17:21,29.7,51.4,,
2022/6/27 17:26,29.8,52.5,,
2022/6/27 17:31,29.9,53.7,,
2022/6/27 17:36,30.1,56.2,,
2022/6/27 17:41,30.2,55.9,,
2022/6/27 17:46,30.1,56.2,,
2022/6/27 17:51,30.1,57.8,,
2022/6/27 17:56,30.1,57.5,,
2022/6/27 18:01,30.2,58.1,,
2022/6/27 18:06,30.2,58.1,,
2022/6/27 18:11,30.2,58.7,,
2022/6/27 18:16,30.1,58.9,,
2022/6/27 18:21,30.1,58.9,,
2022/6/27 18:26,29.9,59,,
2022/6/27 18:31,29.9,59.2,,
2022/6/27 18:36,29.9,59.3,,
2022/6/27 18:40,29.9,59.6,,
2022/6/27 18:45,30,59.8,,
2022/6/27 18:50,29.8,59.5,,
2022/6/27 18:55,29.8,59,,
2022/6/27 19:00,29.7,57.9,,
2022/6/27 19:05,29.7,58.3,,
2022/6/27 19:10,29.7,58,,
2022/6/27 19:15,29.8,58.2,,
2022/6/27 19:20,29.7,58.4,,
2022/6/27 19:25,29.7,58.6,,
2022/6/27 19:30,29.8,58.6,,
2022/6/27 19:35,29.7,58.7,,
2022/6/27 19:40,29.8,58.9,,
2022/6/27 19:45,29.7,59.1,,
2022/6/27 19:50,29.6,58.2,,
2022/6/27 19:55,29.7,58.3,,
2022/6/27 20:00,29.7,58.6,,
2022/6/27 20:05,29.6,58.5,,
2022/6/27 20:10,29.5,58.3,,
2022/6/27 20:15,29.4,56.8,,
2022/6/27 20:20,29.4,56.6,,
2022/6/27 20:25,29.4,56.4,,
2022/6/27 20:30,29.4,56.1,,
2022/6/27 20:35,29.5,56.4,,
2022/6/27 20:40,29.4,55.1,,
2022/6/27 20:45,29.4,54.8,,
2022/6/27 20:50,29.3,54.4,,
2022/6/27 20:55,29.3,54.2,,
2022/6/27 21:00,29.4,53.7,,
2022/6/27 21:05,29.3,53.5,,
2022/6/27 21:10,29.3,53.7,,
2022/6/27 21:15,29.4,54.1,,
2022/6/27 21:20,29.4,54.7,,
2022/6/27 21:25,29.4,54.9,,
2022/6/27 21:30,29.4,55.1,,
2022/6/27 21:35,29.4,55.5,,
2022/6/27 21:40,29.4,55.4,,
2022/6/27 21:45,29.3,55.5,,
2022/6/27 21:50,29.4,56.4,,
2022/6/27 21:55,29.3,57.4,,
2022/6/27 22:00,29.4,56.5,,
2022/6/27 22:05,29.4,57.4,,
2022/6/27 22:10,29.4,57,,
2022/6/27 22:15,29.3,57,,
2022/6/27 22:20,29.3,56.9,,
2022/6/27 22:25,29.2,57,,
2022/6/27 22:30,29.2,55.3,,
2022/6/27 22:35,29.2,55.1,,
2022/6/27 22:40,29.1,54,,
2022/6/27 22:45,29.2,53.3,,
2022/6/27 22:50,29.1,53.4,,
2022/6/27 22:55,29.1,52,,
2022/6/27 23:00,29,50.8,,
2022/6/27 23:05,29,51,,
2022/6/27 23:10,28.8,49.9,,
2022/6/27 23:15,28.8,50.8,,
2022/6/27 23:20,29,51.6,,
2022/6/27 23:25,29,51.1,,
2022/6/27 23:30,28.9,51.9,,
2022/6/27 23:35,28.8,52.3,,
2022/6/27 23:40,28.8,53.2,,
2022/6/27 23:45,28.6,53.9,,
2022/6/27 23:50,28.7,54.5,,
2022/6/27 23:55,28.7,55.3,,
2022/6/29 9:57,30.1,60.2,,
2022/6/29 10:02,30.1,60.5,,
2022/6/29 10:07,30.1,61.1,,
2022/6/29 10:12,30.1,61.2,,
2022/6/29 10:17,30,61,,
2022/6/29 10:22,30.1,62,,
2022/6/29 10:27,30.4,61.8,,
2022/6/29 10:32,30.3,61.2,,
2022/6/29 10:37,30.3,61.4,,
2022/6/29 10:42,30.3,61.4,,
2022/6/29 10:47,30.3,59.8,,
2022/6/29 10:52,30.3,58.7,,
2022/6/29 10:57,30.2,57.9,,
2022/6/29 11:02,30.4,58,,
2022/6/29 11:07,30.4,59.1,,
2022/6/29 11:12,30.5,59.3,,
2022/6/29 11:17,30.8,60.3,,
2022/6/29 11:22,30.7,60.5,,
2022/6/29 11:27,30.8,61,,
2022/6/29 11:32,30.8,59.6,,
2022/6/29 11:37,31,61.3,,
2022/6/29 11:42,31,60.3,,
2022/6/29 11:47,31,61.4,,
2022/6/29 11:52,31.1,61.8,,
2022/6/29 11:57,31.2,61.2,,
2022/6/29 12:02,31,60.6,,
2022/6/29 12:07,30.7,61.3,,
2022/6/29 12:12,30.7,61.4,,
2022/6/29 12:17,30.7,61.2,,
2022/6/29 12:22,30.7,60.9,,
2022/6/29 12:27,30.6,61.1,,
2022/6/29 12:32,30.7,61,,
2022/6/29 12:37,30.8,60.6,,
2022/6/29 12:42,30.7,60.6,,
2022/6/29 12:47,30.8,60.7,,
2022/6/29 12:52,30.8,60.6,,
2022/6/29 12:57,30.9,60.6,,
2022/6/29 13:02,31,60.6,,
2022/6/29 13:07,30.9,60.9,,
2022/6/29 13:12,31.3,60.8,,
2022/6/29 13:17,31.2,60.3,,
2022/6/29 13:22,31,61,,
2022/6/29 13:27,31.1,60.9,,
2022/6/29 13:32,31.1,60.3,,
2022/6/29 13:37,30.9,60.8,,
2022/6/29 13:42,30.9,61,,
2022/6/29 13:47,30.9,61.2,,
2022/6/29 13:52,30.8,60.7,,
2022/6/29 13:57,30.7,61,,
2022/6/29 14:02,30.7,60.6,,
2022/6/29 14:07,30.8,60.7,,
2022/6/29 14:12,30.7,60.5,,
2022/6/29 14:17,30.8,61,,
2022/6/29 14:22,30.8,60.7,,
2022/6/29 14:27,30.7,60.4,,
2022/6/29 14:32,30.7,59,,
2022/6/29 14:37,30.6,59.6,,
2022/6/29 14:42,30.6,58.6,,
2022/6/29 14:47,30.7,59.1,,
2022/6/29 14:52,30.7,58.4,,
2022/6/29 14:57,30.7,59.1,,
2022/6/29 15:02,31,61.5,,
2022/6/29 15:07,31,61.4,,
2022/6/29 15:12,31.2,62.2,,
2022/6/29 15:17,31.2,62.5,,
2022/6/29 15:22,31.1,62.4,,
2022/6/29 15:27,31.1,63.2,,
2022/6/29 15:32,31.4,63.2,,
2022/6/29 15:37,31.1,63.2,,
2022/6/29 15:42,31,63.1,,
2022/6/29 15:47,30.8,63.6,,
2022/6/29 15:52,30.8,63.6,,
2022/6/29 15:57,30.7,63.9,,
2022/6/29 16:02,30.8,63.8,,
2022/6/29 16:07,30.7,63.7,,
2022/6/29 16:12,30.7,63.7,,
2022/6/29 16:17,30.6,61.6,,
2022/6/29 16:22,30.5,62.6,,
2022/6/29 16:27,30.5,61.8,,
2022/6/29 16:32,30.5,61.2,,
2022/6/29 16:37,30.5,61,,
2022/6/29 16:42,30.4,60.4,,
2022/6/29 16:47,30.5,60.4,,
2022/6/29 16:52,30.6,60.8,,
2022/6/29 16:57,30.6,61,,
2022/6/29 17:02,30.7,62.7,,
2022/6/29 17:07,30.7,62,,
2022/6/29 17:12,30.7,62,,
2022/6/29 17:17,30.6,62.1,,
2022/6/29 17:22,30.5,62.1,,
2022/6/29 17:27,30.5,62.1,,
2022/6/29 17:32,30.3,61.2,,
2022/6/29 17:37,30.3,60.6,,
2022/6/29 17:42,30.4,59.6,,
2022/6/29 17:47,30.2,59.4,,
2022/6/29 17:52,30.3,59.5,,
2022/6/29 17:57,30.3,59.7,,
2022/6/29 18:02,30.2,60.2,,
2022/6/29 18:07,30.3,60.3,,
2022/6/29 18:12,30.3,60.6,,
2022/6/29 18:17,30.4,60.7,,
2022/6/29 18:22,30.4,60.7,,
2022/6/29 18:27,30.3,60.9,,
2022/6/29 18:32,30.2,61.1,,
2022/6/29 18:37,30.2,60.9,,
2022/6/29 18:42,30.2,61.1,,
2022/6/29 18:47,30.2,61.3,,
2022/6/29 18:52,30.3,61.9,,
2022/6/29 18:57,30.2,60.7,,
2022/6/29 19:02,30.2,58.2,,
2022/6/29 19:07,30.1,57.2,,
2022/6/29 19:12,30,57,,
2022/6/29 19:17,30,58,,
2022/6/29 19:22,30,58.6,,
2022/6/29 19:27,30.1,59.8,,
2022/6/29 19:32,30.2,59.8,,
2022/6/29 19:37,30.1,59.9,,
2022/6/29 19:42,30.1,57.7,,
2022/6/29 19:47,29.9,58.2,,
2022/6/29 19:52,30,56.7,,
2022/6/29 19:57,30,57.2,,
2022/6/29 20:02,29.9,58.7,,
2022/6/29 20:07,30,59,,
2022/6/29 20:12,30,59.2,,
2022/6/29 20:17,30,58.9,,
2022/6/29 20:22,30,58.9,,
2022/6/29 20:27,30,59.1,,
2022/6/29 20:32,29.9,60.5,,
2022/6/29 20:37,30,60.6,,
2022/6/29 20:42,30,60.7,,
2022/6/29 20:47,30,60.6,,
2022/6/29 20:52,29.9,60.2,,
2022/6/29 20:57,29.9,59.2,,
2022/6/29 21:02,29.8,59.2,,
2022/6/29 21:07,29.7,56.2,,
2022/6/29 21:12,29.8,55.9,,
2022/6/29 21:17,29.7,56.9,,
2022/6/29 21:22,29.8,56.3,,
2022/6/29 21:27,29.8,54.9,,
2022/6/29 21:32,29.7,54.2,,
2022/6/29 21:37,29.7,52.1,,
2022/6/29 21:42,29.6,50.9,,
2022/6/29 21:47,29.5,51,,
2022/7/6 9:38,30.7,52.4,,
2022/7/6 9:43,30.9,49.4,,
2022/7/6 9:48,30.9,49.8,,
2022/7/6 9:53,30.9,50.7,,
2022/7/6 9:58,31,50.8,,
2022/7/6 10:03,31,50.8,,
2022/7/6 10:08,31,51.3,,
2022/7/6 10:13,31.1,51.1,,
2022/7/6 10:18,31.2,51.9,,
2022/7/6 10:23,31.1,50.3,,
2022/7/6 10:28,31.1,50.9,,
2022/7/6 10:33,31.2,50.7,,
2022/7/6 10:38,31.4,51.1,,
2022/7/6 10:43,31.2,47.8,,
2022/7/6 10:48,31.2,48.3,,
2022/7/6 10:53,31.2,49.5,,
2022/7/6 10:58,31.6,52.7,,
2022/7/6 11:03,31.5,50.4,,
2022/7/6 11:08,31.6,54.6,,
2022/7/6 11:13,31.9,55.1,,
2022/7/6 11:18,31.8,51.9,,
2022/7/6 11:23,31.8,54.7,,
2022/7/6 11:28,31.9,52.1,,
2022/7/6 11:33,31.8,52.1,,
2022/7/6 11:38,31.7,51.8,,
2022/7/6 11:43,31.6,49.1,,
2022/7/6 11:48,31.6,49.9,,
2022/7/6 11:53,31.8,55.1,,
2022/7/6 11:58,31.8,51.4,,
2022/7/6 12:03,31.8,51.5,,
2022/7/6 12:08,31.7,52.4,,
2022/7/6 12:13,31.8,52.2,,
2022/7/6 12:18,31.8,52.1,,
2022/7/6 12:23,31.8,51.9,,
2022/7/6 12:28,31.8,51.9,,
2022/7/6 12:33,31.8,51.9,,
2022/7/6 12:38,31.8,56.4,,
2022/7/6 12:43,32.1,56.1,,
2022/7/6 12:48,32,52.9,,
2022/7/6 12:53,32,54.7,,
2022/7/6 12:58,32.2,56.9,,
2022/7/6 13:03,32.2,56.2,,
2022/7/6 13:08,32.3,56.1,,
2022/7/6 13:13,32.1,54.5,,
2022/7/6 13:18,32.4,57.1,,
2022/7/6 13:23,32.6,56,,
2022/7/6 13:28,32.2,55.1,,
2022/7/6 13:33,32.2,58,,
2022/7/6 13:38,32.5,56.4,,
2022/7/6 13:43,32.3,57.1,,
2022/7/6 13:48,32.1,56.5,,
2022/7/6 13:53,32.1,56.5,,
2022/7/6 13:58,32.2,56.8,,
2022/7/6 14:03,32.1,56.9,,
2022/7/6 14:08,32,57,,
2022/7/6 14:13,32.1,57.2,,
2022/7/6 14:18,32,57,,
2022/7/6 14:23,32.2,58.6,,
2022/7/6 14:28,32,57.3,,
2022/7/6 14:33,32.2,57.3,,
2022/7/6 14:38,32.3,59.2,,
2022/7/6 14:43,32.5,58.9,,
2022/7/6 14:48,32.5,59.3,,
2022/7/6 14:53,32.4,59.1,,
2022/7/6 14:58,32.5,59.5,,
2022/7/6 15:03,32.7,59.6,,
2022/7/6 15:08,32.4,60.2,,
2022/7/6 15:13,32.5,60.3,,
2022/7/6 15:18,32.2,60.8,,
2022/7/6 15:23,32.1,60.7,,
2022/7/6 15:28,32.1,60.9,,
2022/7/6 15:33,32.1,60.5,,
2022/7/6 15:38,31.9,59.9,,
2022/7/6 15:43,32,60.2,,
2022/7/6 15:48,32.1,60.5,,
2022/7/6 15:53,32.3,60.7,,
2022/7/6 15:58,32.3,60.1,,
2022/7/6 16:03,32,60.4,,
2022/7/6 16:08,32,60.6,,
2022/7/6 16:13,32.1,61.7,,
2022/7/6 16:18,32,60,,
2022/7/6 16:23,31.8,59.7,,
2022/7/6 16:28,31.9,61.6,,
2022/7/6 16:33,31.9,59.9,,
2022/7/6 16:38,32,60.1,,
2022/7/6 16:43,32,61,,
2022/7/6 16:48,31.9,60.4,,
2022/7/6 16:53,32.1,62,,
2022/7/6 16:58,32,60.5,,
2022/7/6 17:03,32,60.6,,
2022/7/6 17:08,31.9,60.7,,
2022/7/6 17:13,32,62.3,,
2022/7/6 17:18,32.1,61.5,,
2022/7/6 17:23,32.2,62,,
2022/7/6 17:28,32,61.2,,
2022/7/6 17:33,32.1,61.3,,
2022/7/6 17:38,31.8,61.4,,
2022/7/6 17:43,31.9,61.5,,
2022/7/6 17:48,31.8,61.3,,
2022/7/6 17:53,31.8,61.5,,
2022/7/6 17:58,31.7,61.8,,
2022/7/6 18:03,31.8,61.7,,
2022/7/6 18:08,31.7,62.5,,
2022/7/6 18:13,31.9,61.5,,
2022/7/6 18:18,31.8,61.6,,
2022/7/6 18:23,31.9,61.6,,
2022/7/6 18:28,31.8,62,,
2022/7/6 18:33,31.8,62,,
2022/7/6 18:38,31.7,62.2,,
2022/7/6 18:43,31.6,62.2,,
2022/7/6 18:48,31.6,62.5,,
2022/7/6 18:53,31.6,62.2,,
2022/7/6 18:58,31.6,62.2,,
2022/7/6 19:03,31.6,62,,
2022/7/6 19:08,31.7,61.9,,
2022/7/6 19:13,31.7,61.7,,
2022/7/6 19:18,31.7,62.2,,
2022/7/6 19:23,31.7,63.3,,
2022/7/6 19:28,31.8,62.5,,
2022/7/6 19:33,31.7,62.7,,
2022/7/6 19:38,31.7,63.1,,
2022/7/6 19:43,31.7,63.2,,
2022/7/6 19:48,31.8,63.5,,
2022/7/6 19:53,31.6,63.7,,
2022/7/6 19:58,31.6,63.6,,
2022/7/6 20:03,31.5,62.9,,
2022/7/6 20:08,31.4,62.8,,
2022/7/6 20:13,31.5,62.7,,
2022/7/6 20:18,31.5,62.8,,
2022/7/6 20:23,31.5,62.8,,
2022/7/6 20:28,31.4,62.5,,
2022/7/6 20:33,31.4,62.8,,
2022/7/6 20:38,31.5,62.9,,
2022/7/6 20:43,31.5,63,,
2022/7/6 20:48,31.5,63,,
2022/7/6 20:53,31.4,62.3,,
2022/7/6 20:58,31.4,61.6,,
2022/7/6 21:03,31.3,61.1,,
2022/7/6 21:08,31.3,61.6,,
2022/7/6 21:13,31.3,60.2,,
2022/7/6 21:18,31.3,60.8,,
2022/7/6 21:23,31.3,61.1,,
2022/7/6 21:28,31.4,59.9,,
2022/7/6 21:33,31.5,59.7,,
2022/7/6 21:38,31.3,58.8,,
2022/7/6 21:43,31.3,57.5,,
2022/7/6 21:48,31.2,57.6,,
2022/7/6 21:53,31.2,57.8,,
2022/7/6 21:58,31.2,56,,
2022/7/6 22:03,31.2,54.8,,
2022/7/6 22:08,31.1,55.1,,
2022/7/6 22:12,31.2,54.6,,
2022/7/6 22:17,31.2,54.2,,
2022/7/6 22:22,31.1,54.3,,
2022/7/6 22:27,31.1,53.5,,
2022/7/6 22:32,31,54.8,,
2022/7/6 22:37,31.1,53.8,,
2022/7/6 22:42,31,53,,
2022/7/6 22:47,31,53.5,,
2022/7/6 22:52,31,53.2,,
2022/7/6 22:57,31.1,54.1,,
2022/7/6 23:02,31,51,,
2022/7/6 23:07,31.1,52.7,,
2022/7/6 23:12,31.1,54.1,,
2022/7/6 23:17,31,54,,
2022/7/6 23:22,30.9,55.1,,
2022/7/6 23:27,31,54.2,,
2022/7/6 23:32,31.1,55.8,,
2022/7/6 23:37,31.1,57.7,,
2022/7/6 23:42,31.1,57.5,,
2022/7/6 23:47,31,56.9,,
2022/7/6 23:52,31,58.3,,
2022/7/6 23:57,31.1,58.4,,
2022/7/7 0:02,31.1,56.7,,
2022/7/7 0:07,31,56.8,,
2022/7/7 0:12,30.9,56.7,,
2022/7/7 0:17,31,56,,
2022/7/7 0:22,31,56.8,,
2022/7/7 0:27,30.9,55.4,,
2022/7/7 0:32,31,56.9,,
2022/7/7 0:37,30.9,57.9,,
2022/7/7 0:42,31,58.5,,
2022/7/7 0:47,31,58.4,,
2022/7/7 0:52,31,59,,
2022/7/7 0:57,31,59.6,,
2022/7/7 1:02,31,59.4,,
2022/7/7 1:07,31.1,58.9,,
2022/7/7 1:12,30.9,59.1,,
2022/7/7 1:17,30.9,60.1,,
2022/7/7 1:22,30.9,60.1,,
2022/7/7 1:27,31,60.7,,
2022/7/7 1:32,31,60.9,,
2022/7/7 1:37,30.9,60.7,,
2022/7/7 1:42,31,61.1,,
2022/7/7 1:47,31,61.5,,
2022/7/7 1:52,30.9,61.7,,
2022/7/7 1:57,31,61.1,,
2022/7/7 2:02,30.9,61.3,,
2022/7/7 2:07,30.8,62.1,,
2022/7/7 2:12,30.8,61.3,,
2022/7/7 2:17,30.8,61.7,,
2022/7/7 2:22,30.8,60.8,,
2022/7/7 2:27,30.8,59.6,,
2022/7/7 2:32,30.8,60,,
2022/7/7 2:37,30.8,59,,
2022/7/7 2:42,30.8,59.5,,
2022/7/7 2:47,30.7,59.2,,
2022/7/7 2:52,30.8,57.6,,
2022/7/7 2:57,30.7,57.9,,
2022/7/7 3:02,30.7,57.7,,
2022/7/7 3:07,30.7,56.5,,
2022/7/7 3:12,30.7,55.7,,
2022/7/7 3:17,30.7,56.9,,
2022/7/7 3:22,30.7,58.2,,
2022/7/7 3:27,30.7,56.6,,
2022/7/7 3:32,30.7,58.6,,
2022/7/7 3:37,30.7,57.9,,
2022/7/7 3:42,30.7,58.8,,
2022/7/7 3:47,30.7,57.1,,
2022/7/7 3:52,30.7,56.8,,
2022/7/7 3:57,30.7,56.5,,
2022/7/7 4:02,30.5,53.7,,
2022/7/7 4:07,30.5,53.9,,
2022/7/7 4:12,30.5,52.3,,
2022/7/7 4:17,30.5,54.4,,
2022/7/7 4:22,30.5,52.4,,
2022/7/7 4:27,30.5,51.9,,
2022/7/7 4:32,30.5,52.5,,
2022/7/7 4:37,30.5,54.9,,
2022/7/7 4:42,30.5,54.1,,
2022/7/7 4:47,30.7,54.1,,
2022/7/7 4:52,30.5,53.7,,
2022/7/7 4:57,30.4,54.2,,
2022/7/7 5:02,30.5,53.7,,
2022/7/7 5:07,30.5,54.6,,
2022/7/7 5:12,30.5,55.9,,
2022/7/7 5:17,30.5,57.4,,
2022/7/7 5:22,30.5,56.6,,
2022/7/7 5:27,30.6,58,,
2022/7/7 5:32,30.5,54.9,,
2022/7/7 5:37,30.5,54.1,,
2022/7/7 5:42,30.5,55.8,,
2022/7/7 5:47,30.5,55.8,,
2022/7/7 5:52,30.5,56.4,,
2022/7/7 5:57,30.6,57.7,,
2022/7/7 6:02,30.6,59.7,,
2022/7/7 6:07,30.7,58.8,,
2022/7/7 6:12,30.6,58.4,,
2022/7/7 6:17,30.6,59.5,,
2022/7/7 6:22,30.5,57.8,,
2022/7/7 6:27,30.5,57.4,,
2022/7/7 6:32,30.5,56,,
2022/7/7 6:37,30.5,57.3,,
2022/7/7 6:42,30.5,56,,
2022/7/7 6:47,30.6,56,,
2022/7/7 6:52,30.5,55.3,,
2022/7/7 6:57,30.5,56.5,,
2022/7/7 7:02,30.6,53,,
2022/7/7 7:07,30.5,53.8,,
2022/7/7 7:12,30.6,53.4,,
2022/7/7 7:17,30.6,55.8,,
2022/7/7 7:22,30.7,54.9,,
2022/7/7 7:27,30.6,54.9,,
2022/7/7 7:32,30.7,55.1,,
2022/7/7 7:37,30.7,56.2,,
2022/7/7 7:42,30.7,55.8,,
2022/7/7 7:47,30.7,55.7,,
2022/7/7 7:52,30.7,55.4,,
2022/7/7 7:57,30.9,56.5,,
2022/7/7 8:02,30.9,56.8,,
2022/7/7 8:07,30.9,57,,
2022/7/7 8:12,30.9,57.7,,
2022/7/7 8:17,30.9,57.7,,
2022/7/7 8:22,31.1,57.9,,
2022/7/7 8:27,31.1,57.8,,
2022/7/7 8:32,31.2,57.9,,
2022/7/7 8:37,31.4,58.6,,
2022/7/7 8:42,31.3,58,,
2022/7/7 8:47,31.3,60.3,,
2022/7/7 8:52,31.5,61.5,,
2022/7/7 8:57,31.6,61.8,,
2022/7/7 9:02,31.6,61.6,,
2022/7/7 9:07,31.4,61.7,,
2022/7/7 9:12,31.5,61.2,,
2022/7/7 9:17,31.5,61.4,,
2022/7/7 9:22,31.5,60.5,,
2022/7/7 9:27,31.6,62,,
2022/7/7 9:32,31.7,61.7,,
2022/7/7 9:37,31.8,61.7,,
2022/7/7 9:42,32.1,61.8,,
2022/7/7 9:47,32,61.6,,
2022/7/7 9:52,32,61.8,,
2022/7/7 9:57,32.1,61.8,,
2022/7/7 10:02,32.1,62,,
2022/7/7 10:07,32.2,61.7,,
2022/7/7 10:12,32.2,61.8,,
2022/7/7 10:17,32.3,61.5,,
2022/7/7 10:22,32.3,61.4,,
2022/7/7 10:27,32.4,61.2,,
2022/7/7 10:32,32.6,61.1,,
2022/7/7 10:37,32.6,61,,
2022/7/7 10:42,32.7,60.9,,
2022/7/7 10:47,32.8,60.9,,
2022/7/7 10:52,32.8,60.7,,
2022/7/7 10:57,32.9,60.7,,
2022/7/7 11:02,32.8,60.4,,
2022/7/7 11:07,33,60.1,,
2022/7/7 11:12,33.2,59.8,,
2022/7/7 11:12,33.2,59.6,,
2022/7/7 11:17,33.1,59.6,,
2022/7/7 11:22,33.2,59.3,,
2022/7/7 11:27,33.3,59,,
2022/7/7 11:32,33.2,59.3,,
2022/7/7 11:37,33.3,58.8,,
2022/7/7 11:42,33.5,57.9,,
2022/7/7 11:47,33.6,57.6,,
2022/7/7 11:52,33.5,57.9,,
2022/7/7 11:57,33.5,57.6,,
2022/7/7 12:02,33.5,57.5,,
2022/7/7 12:07,33.5,57.1,,
2022/7/7 12:12,33.5,56.5,,
2022/7/7 12:17,33.7,56.2,,
2022/7/7 12:22,33.5,56.4,,
2022/7/7 12:27,33.5,56.5,,
2022/7/7 12:32,33.5,56.6,,
2022/7/7 12:37,33.5,56.7,,
2022/7/7 12:42,33.6,57.3,,
2022/7/7 12:47,33.7,57.5,,
2022/7/7 12:52,33.4,57.7,,
2022/7/7 12:57,33.5,57.9,,
2022/7/7 13:02,33.6,58,,
2022/7/7 13:07,33.6,57.9,,
2022/7/7 13:12,33.6,57.8,,
2022/7/7 13:17,33.5,58.5,,
2022/7/7 13:22,33.6,58.4,,
2022/7/7 13:27,33.6,58.3,,
2022/7/7 13:32,33.7,58.1,,
2022/7/7 13:37,33.4,58.8,,
2022/7/7 13:42,33.5,58.8,,
2022/7/7 13:47,33.4,58.8,,
2022/7/7 13:52,33.3,59.4,,
2022/7/7 13:57,33.3,59.4,,
2022/7/7 14:02,33.4,59.1,,
2022/7/7 14:07,33.4,59.2,,
2022/7/7 14:12,33.5,59,,
2022/7/7 14:17,33.4,59.4,,
2022/7/7 14:22,33.3,59.6,,
2022/7/7 14:27,33.4,59.1,,
2022/7/7 14:32,33.5,58.7,,
2022/7/7 14:37,33.5,58.5,,
2022/7/7 14:42,33.4,58.8,,
2022/7/7 14:47,33.3,59.1,,
2022/7/7 14:52,33.4,58.8,,
2022/7/7 14:57,33.3,58.9,,
2022/7/7 15:02,33.5,58.8,,
2022/7/7 15:07,33.3,59.1,,
2022/7/7 15:12,33.3,59.9,,
2022/7/7 15:17,33.1,60,,
2022/7/7 15:22,33,60.6,,
2022/7/7 15:27,33.1,60.6,,
2022/7/7 15:32,32.9,60.6,,
2022/7/7 15:37,33,60.7,,
2022/7/7 15:42,33,61.1,,
2022/7/7 15:47,33,60.9,,
2022/7/7 15:52,33.1,61,,
2022/7/7 15:57,33,61.2,,
2022/7/7 16:02,33,61.3,,
2022/7/7 16:07,32.9,61.3,,
2022/7/7 16:12,32.9,61.4,,
2022/7/7 16:17,32.9,61.3,,
2022/7/7 16:22,32.9,61.4,,
2022/7/7 16:27,32.7,61.8,,
2022/7/7 16:32,32.7,61.9,,
2022/7/7 16:37,32.5,62,,
2022/7/7 16:42,32.5,62.4,,
2022/7/7 16:47,32.6,62.1,,
2022/7/7 16:52,32.3,62.5,,
2022/7/7 16:57,32.2,62.8,,
2022/7/7 17:02,32.2,62.7,,
2022/7/7 17:07,32.2,62.6,,
2022/7/7 17:12,32.1,62.8,,
2022/7/7 17:17,32.2,62.6,,
2022/7/7 17:22,32.2,62.6,,
2022/7/7 17:27,32.1,62.8,,
2022/7/7 17:32,32,62.7,,
2022/7/7 17:37,32.1,62.6,,
2022/7/7 17:42,32.2,62.4,,
2022/7/7 17:47,32.2,62.2,,
2022/7/7 17:52,32.2,62.4,,
2022/7/7 17:57,32.1,62.6,,
2022/7/7 18:02,32.1,62.6,,
2022/7/7 18:07,32.2,62.5,,
2022/7/7 18:12,32.1,62.5,,
2022/7/7 18:17,32.1,62.3,,
2022/7/7 18:22,32.2,62.2,,
2022/7/7 18:27,32.1,62,,
2022/7/7 18:32,32.2,62.1,,
2022/7/7 18:37,32.2,62,,
2022/7/7 18:42,32.1,62,,
2022/7/7 18:47,32.2,62.2,,
2022/7/7 18:52,32.2,62.2,,
2022/7/7 18:57,32.2,62.2,,
2022/7/7 19:02,32.2,62.4,,
2022/7/7 19:07,32.2,62.4,,
2022/7/7 19:12,32.2,62.6,,
2022/7/7 19:17,32.2,63,,
2022/7/7 19:22,32,63,,
2022/7/7 19:27,32.1,62.8,,
2022/7/7 19:32,32.1,63.1,,
2022/7/7 19:37,32.2,63.1,,
2022/7/7 19:42,32.1,63.4,,
2022/7/7 19:47,32.1,63.6,,
2022/7/7 19:52,32,63.8,,
2022/7/7 19:57,32.1,64,,
2022/7/7 20:02,32,64.2,,
2022/7/7 20:07,32.1,64.5,,
2022/7/7 20:12,31.9,64.6,,
2022/7/7 20:17,32,64.7,,
2022/7/7 20:22,32,64.7,,
2022/7/7 20:27,32,64.6,,
2022/7/7 20:32,31.9,64.7,,
2022/7/7 20:37,31.9,64.5,,
2022/7/7 20:42,32,64.7,,
2022/7/7 20:47,31.9,65,,
2022/7/7 20:52,31.8,65.3,,
2022/7/7 20:57,32,65.6,,
2022/7/7 21:02,31.8,65.6,,
2022/7/7 21:07,31.8,65.6,,
2022/7/7 21:12,31.7,65.8,,
2022/7/7 21:17,31.8,65.7,,
2022/7/7 21:22,31.7,66,,
2022/7/7 21:27,31.7,66,,
2022/7/7 21:32,31.6,65.8,,
2022/7/7 21:37,31.7,66.1,,
2022/7/7 21:42,31.7,66,,
2022/7/7 21:47,31.6,66,,
2022/7/7 21:52,31.7,66.1,,
2022/7/7 21:57,31.7,66.4,,
2022/7/7 22:02,31.6,66.2,,
2022/7/7 22:07,31.6,66.5,,
2022/7/7 22:12,31.5,66.6,,
2022/7/7 22:17,31.6,66.6,,
2022/7/7 22:22,31.6,66.3,,
2022/7/7 22:27,31.6,66.3,,
2022/7/7 11:12,32.3,63.1,,
2022/7/7 11:17,32.3,63,,
2022/7/7 11:22,32.4,63,,
2022/7/7 11:27,32.4,62.9,,
2022/7/7 11:32,32.4,62.7,,
2022/7/7 11:37,32.4,62.4,,
2022/7/7 11:42,32.5,62.1,,
2022/7/7 11:47,32.6,61.8,,
2022/7/7 11:52,32.5,61.8,,
2022/7/7 11:57,32.7,61.7,,
2022/7/7 12:02,32.6,61.3,,
2022/7/7 12:07,32.6,61,,
2022/7/7 12:12,32.7,60.5,,
2022/7/7 12:17,32.8,60.5,,
2022/7/7 12:22,32.8,60.5,,
2022/7/7 12:27,32.7,60.3,,
2022/7/7 12:32,32.8,60.4,,
2022/7/7 12:37,32.8,60.8,,
2022/7/7 12:42,32.7,61.2,,
2022/7/7 12:47,32.8,61.4,,
2022/7/7 12:52,32.7,61.7,,
2022/7/7 12:57,32.8,61.6,,
2022/7/7 13:02,32.8,61.5,,
2022/7/7 13:07,32.9,61.6,,
2022/7/7 13:12,32.8,61.5,,
2022/7/7 13:17,32.8,61.7,,
2022/7/7 13:22,32.8,61.8,,
2022/7/7 13:27,32.8,61.6,,
2022/7/7 13:32,32.9,61.7,,
2022/7/7 13:37,32.8,61.8,,
2022/7/7 13:42,32.8,61.9,,
2022/7/7 13:47,32.8,61.9,,
2022/7/7 13:52,32.8,62,,
2022/7/7 13:57,32.8,62,,
2022/7/7 14:02,32.9,62,,
2022/7/7 14:07,32.9,62.1,,
2022/7/7 14:12,32.8,62.2,,
2022/7/7 14:17,32.8,62.3,,
2022/7/7 14:22,32.9,62.4,,
2022/7/7 14:27,32.9,62.3,,
2022/7/7 14:32,32.9,62,,
2022/7/7 14:37,32.9,61.6,,
2022/7/7 14:42,32.9,61.6,,
2022/7/7 14:47,32.9,61.4,,
2022/7/7 14:52,33,61.4,,
2022/7/7 14:57,32.9,61.5,,
2022/7/7 15:02,33,62,,
2022/7/7 15:07,33,62.2,,
2022/7/7 15:12,32.9,62.4,,
2022/7/7 15:17,32.9,62.7,,
2022/7/7 15:22,32.9,62.8,,
2022/7/7 15:27,32.8,62.8,,
2022/7/7 15:32,32.9,62.8,,
2022/7/7 15:37,32.8,63,,
2022/7/7 15:42,32.9,62.9,,
2022/7/7 15:47,32.9,62.9,,
2022/7/7 15:52,32.9,63.1,,
2022/7/7 15:57,32.8,63.1,,
2022/7/7 16:02,32.9,63.1,,
2022/7/7 16:07,32.8,63.1,,
2022/7/7 16:12,32.8,63.1,,
2022/7/7 16:17,32.7,63.1,,
2022/7/7 16:22,32.9,63.1,,
2022/7/7 16:27,32.8,63,,
2022/7/7 16:32,32.7,62.8,,
2022/7/7 16:37,32.7,62.7,,
2022/7/7 16:42,32.7,62.4,,
2022/7/7 16:47,32.7,62.3,,
2022/7/7 16:52,32.7,62.2,,
2022/7/7 16:57,32.6,62.2,,
2022/7/7 17:02,32.6,62.3,,
2022/7/7 17:07,32.6,62.4,,
2022/7/7 17:12,32.5,62.5,,
2022/7/7 17:17,32.6,62.5,,
2022/7/7 17:22,32.6,62.8,,
2022/7/7 17:27,32.5,62.7,,
2022/7/7 17:32,32.5,63,,
2022/7/7 17:37,32.5,63,,
2022/7/7 17:42,32.5,62.9,,
2022/7/7 17:47,32.4,63.1,,
2022/7/7 17:52,32.4,63.1,,
2022/7/7 17:57,32.5,63.3,,
2022/7/7 18:02,32.4,63.3,,
2022/7/7 18:07,32.4,63.3,,
2022/7/7 18:12,32.5,63.2,,
2022/7/7 18:17,32.4,62.8,,
2022/7/7 18:22,32.4,62.6,,
2022/7/7 18:27,32.4,62.7,,
2022/7/7 18:32,32.4,62.6,,
2022/7/7 18:37,32.3,62.5,,
2022/7/7 18:42,32.4,62.7,,
2022/7/7 18:47,32.4,62.9,,
2022/7/7 18:52,32.3,63.1,,
2022/7/7 18:57,32.4,63.1,,
2022/7/7 19:02,32.4,63.3,,
2022/7/7 19:07,32.4,63.5,,
2022/7/7 19:12,32.4,63.9,,
2022/7/7 19:17,32.3,64.3,,
2022/7/7 19:22,32.3,64.3,,
2022/7/7 19:27,32.4,64.6,,
2022/7/7 19:32,32.3,64.6,,
2022/7/7 19:37,32.2,65,,
2022/7/7 19:42,32.3,65.2,,
2022/7/7 19:47,32.3,65.5,,
2022/7/7 19:52,32.4,65.4,,
2022/7/7 19:57,32.3,65.8,,
2022/7/7 20:02,32.3,65.9,,
2022/7/7 20:07,32.3,65.9,,
2022/7/7 20:12,32.2,65.8,,
2022/7/7 20:17,32.2,66,,
2022/7/7 20:22,32.3,65.9,,
2022/7/7 20:27,32.2,65.9,,
2022/7/7 20:32,32.2,66.2,,
2022/7/7 20:37,32.2,66.1,,
2022/7/7 20:42,32.2,66.2,,
2022/7/7 20:47,32.2,66.3,,
2022/7/7 20:52,32.2,66.2,,
2022/7/7 20:57,32.3,65.9,,
2022/7/7 21:02,32.2,65.8,,
2022/7/7 21:07,32.2,65.9,,
2022/7/7 21:12,32.2,65.9,,
2022/7/7 21:17,32.2,66,,
2022/7/7 21:22,32.2,66,,
2022/7/7 21:27,32.1,66,,
2022/7/7 21:32,32.1,66,,
2022/7/7 21:37,32.2,66,,
2022/7/7 21:42,32.1,66.1,,
2022/7/7 21:47,32.1,66.3,,
2022/7/7 21:52,32.1,66.4,,
2022/7/7 21:57,32,66.4,,
2022/7/7 22:02,32.1,66.5,,
2022/7/7 22:07,32.1,66.3,,
2022/7/7 22:12,32.1,66.5,,
2022/7/7 22:17,32,66.4,,
2022/7/7 22:22,32.1,66.5,,
2022/7/7 22:27,32.1,66.5,,
2022/7/8 9:48,33,60.8,,
2022/7/8 9:53,33.2,60.2,,
2022/7/8 9:58,33.2,60,,
2022/7/8 10:03,33.2,59.5,,
2022/7/8 10:08,33.3,59.3,,
2022/7/8 10:13,33.2,59.6,,
2022/7/8 10:18,33.1,59.3,,
2022/7/8 10:23,33.4,58.5,,
2022/7/8 10:28,33.4,58.3,,
2022/7/8 10:33,33.4,58.3,,
2022/7/8 10:38,33.5,57.8,,
2022/7/8 10:43,33.7,57.2,,
2022/7/8 10:48,33.6,57.4,,
2022/7/8 10:53,33.5,57.5,,
2022/7/8 10:58,33.8,56.2,,
2022/7/8 11:03,33.7,56,,
2022/7/8 11:08,34,55.7,,
2022/7/8 11:13,34.1,55.3,,
2022/7/8 11:18,34,55.2,,
2022/7/8 11:23,34.1,55.3,,
2022/7/8 11:28,34,56,,
2022/7/8 11:33,33.8,56.4,,
2022/7/8 11:38,33.9,56.2,,
2022/7/8 11:43,33.7,56.3,,
2022/7/8 11:48,33.8,56.1,,
2022/7/8 11:53,33.6,55.6,,
2022/7/8 11:58,33.8,54.7,,
2022/7/8 12:03,34,53.7,,
2022/7/8 12:08,34.1,53.5,,
2022/7/8 12:13,34.2,53.5,,
2022/7/8 12:18,34.3,53.3,,
2022/7/8 12:23,34.3,53.5,,
2022/7/8 12:28,34.3,53.3,,
2022/7/8 12:33,34.3,53.5,,
2022/7/8 12:38,34.4,53.3,,
2022/7/8 12:43,34.4,53,,
2022/7/8 12:48,34.5,52.6,,
2022/7/8 12:53,34.6,51.9,,
2022/7/8 12:58,34.6,51.5,,
2022/7/8 13:03,34.6,51.5,,
2022/7/8 13:08,34.5,51.5,,
2022/7/8 13:13,34.6,51,,
2022/7/8 13:18,34.5,51.2,,
2022/7/8 13:23,34.5,51.4,,
2022/7/8 13:28,34.6,51.4,,
2022/7/8 13:33,34.6,51.1,,
2022/7/8 13:38,34.5,51.1,,
2022/7/8 13:43,34.5,51.1,,
2022/7/8 13:48,34.6,50.8,,
2022/7/8 13:53,34.5,51,,
2022/7/8 13:58,34.5,51.1,,
2022/7/8 14:03,34.4,51.3,,
2022/7/8 14:08,34.4,51.8,,
2022/7/8 14:13,34.2,52.6,,
2022/7/8 14:18,34.2,53.5,,
2022/7/8 14:23,34.1,53.9,,
2022/7/8 14:28,34,54.1,,
2022/7/8 14:33,34.2,54.5,,
2022/7/8 14:38,34,54.9,,
2022/7/8 14:43,33.9,55.5,,
2022/7/8 14:48,33.8,55.5,,
2022/7/8 14:53,34,55.9,,
2022/7/8 14:58,33.9,56.9,,
2022/7/8 15:03,33.9,58.5,,
2022/7/8 15:08,33.8,58.9,,
2022/7/8 15:13,33.6,59.4,,
2022/7/8 15:18,33.6,59.9,,
2022/7/8 15:23,33.5,59.6,,
2022/7/8 15:28,33.5,59.4,,
2022/7/8 15:33,33.3,59.6,,
2022/7/8 15:38,33.3,58.9,,
2022/7/8 15:43,33.3,58.5,,
2022/7/8 15:48,33.2,58.2,,
2022/7/8 15:53,33.2,57.8,,
2022/7/8 15:58,33.2,57.6,,
2022/7/8 16:03,33.1,57.8,,
2022/7/8 16:08,33.1,57.7,,
2022/7/8 16:13,33.1,57.9,,
2022/7/8 16:18,32.8,57.7,,
2022/7/8 16:23,32.6,56.9,,
2022/7/8 16:28,32.7,56.8,,
2022/7/8 16:33,32.7,56,,
2022/7/8 16:38,32.7,54.7,,
2022/7/8 16:43,32.6,53.6,,
2022/7/8 16:48,32.6,52.7,,
2022/7/8 16:53,32.5,52.1,,
2022/7/8 16:58,32.5,51.3,,
2022/7/8 17:03,32.4,50.6,,
2022/7/8 17:08,32.4,50.4,,
2022/7/8 17:13,32.5,50.2,,
2022/7/8 17:18,32.5,49.9,,
2022/7/8 17:23,32.4,50.1,,
2022/7/8 17:28,32.4,50.4,,
2022/7/8 17:33,32.5,50.6,,
2022/7/8 17:38,32.4,50.3,,
2022/7/8 17:43,32.5,50.9,,
2022/7/8 17:48,32.3,50.6,,
2022/7/8 17:53,32.4,51,,
2022/7/8 17:58,32.5,51.3,,
2022/7/8 18:03,32.5,51.6,,
2022/7/8 18:08,32.5,51.3,,
2022/7/8 18:13,32.5,52.5,,
2022/7/8 18:18,32.5,52.2,,
2022/7/8 18:23,32.5,52.3,,
2022/7/8 18:28,32.4,52.5,,
2022/7/8 18:33,32.5,52.8,,
2022/7/8 18:38,32.6,52.9,,
2022/7/8 18:43,32.6,52.3,,
2022/7/8 18:48,32.5,52.1,,
2022/7/8 18:53,32.5,52.7,,
2022/7/8 18:58,32.6,52.2,,
2022/7/8 19:03,32.5,55.5,,
2022/7/8 19:08,32.5,56.1,,
2022/7/8 19:13,32.5,56.3,,
2022/7/8 19:18,32.6,56.5,,
2022/7/8 19:23,32.6,56.4,,
2022/7/8 19:28,32.5,56.6,,
2022/7/8 19:33,32.6,56.7,,
2022/7/8 19:38,32.6,57.3,,
2022/7/8 19:43,32.5,57.9,,
2022/7/8 19:48,32.6,58.1,,
2022/7/8 19:53,32.6,58.2,,
2022/7/8 19:58,32.6,58.3,,
2022/7/8 20:03,32.5,59.5,,
2022/7/8 20:08,32.5,60.6,,
2022/7/8 20:13,32.5,61.1,,
2022/7/8 20:18,32.5,61.1,,
2022/7/8 20:23,32.5,60.7,,
2022/7/8 20:28,32.4,60.7,,
2022/7/8 20:33,32.4,61.9,,
2022/7/8 20:38,32.4,61.6,,
2022/7/8 20:43,32.4,61.3,,
2022/7/8 20:48,32.4,60.9,,
2022/7/8 20:53,32.3,60.6,,
2022/7/8 20:58,32.4,60.3,,
2022/7/8 21:03,32.4,60,,
2022/7/8 21:08,32.5,59.8,,
2022/7/8 21:13,32.4,59.7,,
2022/7/8 21:18,32.4,59.7,,
2022/7/8 21:23,32.3,59.7,,
2022/7/8 21:28,32.5,59.7,,
2022/7/8 21:33,32.5,59.8,,
2022/7/8 21:38,32.4,60.4,,
2022/7/8 21:43,32.3,60.2,,
2022/7/8 21:48,32.4,60.1,,
2022/7/8 21:53,32.4,60.3,,
2022/7/8 21:58,32.4,60.2,,
2022/7/8 22:03,32.4,60,,
2022/7/8 22:08,32.4,60,,
2022/7/8 22:13,32.4,60.1,,
2022/7/9 9:54,33.4,61.5,,
2022/7/9 9:59,33.5,61.5,,
2022/7/9 10:04,33.6,61.4,,
2022/7/9 10:09,33.5,60.9,,
2022/7/9 10:14,33.7,60.7,,
2022/7/9 10:19,33.8,59.9,,
2022/7/9 10:24,33.8,59.5,,
2022/7/9 10:29,33.6,59.4,,
2022/7/9 10:34,33.9,58.8,,
2022/7/9 10:39,33.9,58.6,,
2022/7/9 10:44,33.9,58.3,,
2022/7/9 10:49,34,57.9,,
2022/7/9 10:54,34.1,57.7,,
2022/7/9 10:59,34.2,57.6,,
2022/7/9 11:04,34.1,57.6,,
2022/7/9 11:09,34,57.7,,
2022/7/9 11:14,34.1,57.3,,
2022/7/9 11:19,34.1,57.2,,
2022/7/9 11:24,34.1,56.9,,
2022/7/9 11:29,34.1,56.7,,
2022/7/9 11:34,34.1,56.6,,
2022/7/9 11:39,34.2,56.2,,
2022/7/9 11:44,34.2,56.1,,
2022/7/9 11:49,34.3,55.7,,
2022/7/9 11:54,34.4,55.8,,
2022/7/9 11:59,34.3,55.6,,
2022/7/9 12:04,34.4,55.7,,
2022/7/9 12:09,34.5,55.6,,
2022/7/9 12:14,34.6,55.2,,
2022/7/9 12:19,34.6,55.1,,
2022/7/9 12:24,34.5,55.1,,
2022/7/9 12:29,34.5,55,,
2022/7/9 12:34,34.5,54.9,,
2022/7/9 12:39,34.4,54.9,,
2022/7/9 12:44,34.4,54.9,,
2022/7/9 12:49,34.4,54.9,,
2022/7/9 12:54,34.5,54.7,,
2022/7/9 12:59,34.6,54.2,,
2022/7/9 13:04,34.6,54,,
2022/7/9 13:09,34.6,54,,
2022/7/9 13:14,34.6,53.6,,
2022/7/9 13:19,34.7,53.5,,
2022/7/9 13:24,34.8,53.3,,
2022/7/9 13:29,34.7,53.3,,
2022/7/9 13:34,34.7,53.2,,
2022/7/9 13:39,34.7,53.3,,
2022/7/9 13:44,34.6,53.4,,
2022/7/9 13:49,34.7,53.3,,
2022/7/9 13:54,34.6,53.2,,
2022/7/9 13:59,34.7,53.1,,
2022/7/9 14:04,34.7,52.9,,
2022/7/9 14:09,34.7,52.9,,
2022/7/9 14:14,34.6,53.1,,
2022/7/9 14:19,34.7,52.7,,
2022/7/9 14:24,34.6,52.7,,
2022/7/9 14:29,34.7,52.4,,
2022/7/9 14:34,34.8,52.8,,
2022/7/9 14:39,34.9,52.7,,
2022/7/9 14:44,34.9,52.9,,
2022/7/9 14:49,34.8,53.2,,
2022/7/9 14:54,34.8,53.4,,
2022/7/9 14:59,34.6,53.8,,
2022/7/9 15:04,34.6,53.9,,
2022/7/9 15:09,34.7,54,,
2022/7/9 15:14,34.6,54.1,,
2022/7/9 15:19,34.7,54.3,,
2022/7/9 15:24,34.6,54.3,,
2022/7/9 15:29,34.7,54.3,,
2022/7/9 15:34,34.6,54.1,,
2022/7/9 15:39,34.6,54,,
2022/7/9 15:44,34.6,53.8,,
2022/7/9 15:49,34.6,53.7,,
2022/7/9 15:54,34.6,53.9,,
2022/7/9 15:59,34.6,53.8,,
2022/7/9 16:04,34.6,53.9,,
2022/7/9 16:09,34.8,54.2,,
2022/7/9 16:14,34.6,54.4,,
2022/7/9 16:19,34.5,54.9,,
2022/7/9 16:24,34.6,55.2,,
2022/7/9 16:29,34.6,55.3,,
2022/7/9 16:34,34.6,55.6,,
2022/7/9 16:39,34.4,55.7,,
2022/7/9 16:44,34.3,55.6,,
2022/7/9 16:49,34.3,56.1,,
2022/7/9 16:54,34.3,55.8,,
2022/7/9 16:59,34.3,55.8,,
2022/7/9 17:04,34.3,56.3,,
2022/7/9 17:09,34.3,56.6,,
2022/7/9 17:14,34.3,56.3,,
2022/7/9 17:19,34.2,56.8,,
2022/7/9 17:24,34.1,57,,
2022/7/9 17:29,34.1,55.8,,
2022/7/9 17:34,34.1,54.4,,
2022/7/9 17:39,34,55.8,,
2022/7/9 17:44,34.1,57.3,,
2022/7/9 17:49,34.1,57,,
2022/7/9 17:54,34,56.5,,
2022/7/9 17:59,34,54.5,,
2022/7/9 18:04,33.8,55.2,,
2022/7/9 18:09,33.8,57.1,,
2022/7/9 18:14,33.8,57.1,,
2022/7/9 18:19,33.9,57.1,,
2022/7/9 18:24,34,57.4,,
2022/7/9 18:29,34,57.7,,
2022/7/9 18:34,33.9,57.8,,
2022/7/9 18:39,33.9,58,,
2022/7/9 18:44,33.9,55.2,,
2022/7/9 18:49,33.7,57.4,,
2022/7/9 18:54,33.8,58.5,,
2022/7/9 18:59,33.7,55.9,,
2022/7/9 19:04,33.6,56.7,,
2022/7/9 19:09,33.5,56.8,,
2022/7/9 19:14,33.5,56.9,,
2022/7/9 19:19,33.5,56.8,,
2022/7/9 19:24,33.5,56.7,,
2022/7/9 19:29,33.5,56.8,,
2022/7/9 19:34,33.4,56.8,,
2022/7/9 19:39,33.5,56.9,,
2022/7/9 19:44,33.5,57.1,,
2022/7/9 19:49,33.5,57.3,,
2022/7/9 19:54,33.5,57.5,,
2022/7/9 19:59,33.4,57.6,,
2022/7/9 20:04,33.4,57.8,,
2022/7/9 20:09,33.5,57.9,,
2022/7/9 20:14,33.4,58.3,,
2022/7/9 20:19,33.4,58.5,,
2022/7/9 20:24,33.4,59.5,,
2022/7/9 20:29,33.3,59.6,,
2022/7/9 20:34,33.4,59.5,,
2022/7/9 20:39,33.4,59.6,,
2022/7/9 20:44,33.4,59.8,,
2022/7/9 20:49,33.3,59.5,,
2022/7/9 20:54,33.3,59.8,,
2022/7/9 20:59,33.3,60.1,,
2022/7/9 21:04,33.3,60.3,,
2022/7/9 21:09,33.3,60.5,,
2022/7/9 21:14,33.3,59.7,,
2022/7/9 21:19,33.3,60.4,,
2022/7/9 21:24,33.3,60.5,,
2022/7/9 21:29,33.2,60.5,,
2022/7/9 21:34,33.2,60.6,,
2022/7/9 21:39,33.3,60.7,,
2022/7/9 21:44,33.3,60.6,,
2022/7/9 21:49,33.3,60.3,,
2022/7/9 21:54,33.2,60.3,,
2022/7/9 21:59,33.2,60.4,,
2022/7/9 22:04,33.3,60.4,,
2022/7/9 22:09,33.2,60.7,,
2022/7/9 22:14,33.1,60.7,,
2022/7/10 10:10,34.8,55.7,,
2022/7/10 10:15,34.9,54.7,,
2022/7/10 10:20,34.9,54.5,,
2022/7/10 10:25,35,54.5,,
2022/7/10 10:30,35,54,,
2022/7/10 10:35,35,53.9,,
2022/7/10 10:40,35,53.6,,
2022/7/10 10:45,35.1,53.1,,
2022/7/10 10:50,35.2,53.3,,
2022/7/10 10:55,35.4,53.1,,
2022/7/10 11:00,35.5,52.7,,
2022/7/10 11:05,35.4,52.8,,
2022/7/10 11:10,35.5,50.6,,
2022/7/10 11:15,35.6,51.9,,
2022/7/10 11:20,35.5,51.8,,
2022/7/10 11:25,35.4,52,,
2022/7/10 11:30,35.5,51.7,,
2022/7/10 11:35,35.5,51.1,,
2022/7/10 11:40,35.8,50.9,,
2022/7/10 11:45,35.6,49.8,,
2022/7/10 11:50,35.8,50.4,,
2022/7/10 11:55,35.9,49.4,,
2022/7/10 12:00,35.8,49.7,,
2022/7/10 12:05,35.9,49.4,,
2022/7/10 12:10,36,49.4,,
2022/7/10 12:15,36,49.4,,
2022/7/10 12:20,35.9,49.6,,
2022/7/10 12:25,35.7,50.6,,
2022/7/10 12:30,35.8,50.5,,
2022/7/10 12:35,35.9,48.6,,
2022/7/10 12:40,35.7,49.6,,
2022/7/10 12:45,35.7,49.9,,
2022/7/10 12:50,35.7,50.5,,
2022/7/10 12:55,35.7,49.8,,
2022/7/10 13:00,35.8,49.6,,
2022/7/10 13:05,35.8,49.2,,
2022/7/10 13:10,35.8,48.7,,
2022/7/10 13:15,35.9,48.7,,
2022/7/10 13:20,35.9,48.6,,
2022/7/10 13:25,35.9,48,,
2022/7/10 13:30,35.9,47,,
2022/7/10 13:35,35.9,48.8,,
2022/7/10 13:40,35.8,49,,
2022/7/10 13:45,35.9,48.6,,
2022/7/10 13:50,35.8,48.8,,
2022/7/10 13:55,35.6,49,,
2022/7/10 14:00,35.9,48.4,,
2022/7/10 14:05,35.9,48.6,,
2022/7/10 14:10,35.7,47.5,,
2022/7/10 14:15,35.7,46.5,,
2022/7/10 14:20,35.7,48.2,,
2022/7/10 14:25,35.9,48,,
2022/7/10 14:30,35.6,48.6,,
2022/7/10 14:35,35.4,48.1,,
2022/7/10 14:40,35.3,48.6,,
2022/7/10 14:45,35.2,49.4,,
2022/7/10 14:50,35.2,48.5,,
2022/7/10 14:55,35.2,49.3,,
2022/7/10 15:00,35.3,50,,
2022/7/10 15:05,35.5,50.1,,
2022/7/10 15:10,35.6,50.3,,
2022/7/10 15:15,35.5,48.5,,
2022/7/10 15:20,35.4,51.4,,
2022/7/10 15:25,35.5,50.5,,
2022/7/10 15:30,35.4,50.7,,
2022/7/10 15:35,35.3,48.5,,
2022/7/10 15:40,35.6,51.6,,
2022/7/10 15:45,35.5,48.8,,
2022/7/10 15:50,35.5,48.9,,
2022/7/10 15:55,35.5,49.2,,
2022/7/10 16:00,35.5,51.2,,
2022/7/10 16:05,35.4,49.1,,
2022/7/10 16:10,35.4,51.1,,
2022/7/10 16:15,35.4,49.6,,
2022/7/10 16:20,35.5,51.8,,
2022/7/10 16:25,35.3,50.1,,
2022/7/10 16:30,35.5,52.5,,
2022/7/10 16:35,35.5,52.8,,
2022/7/10 16:40,35.4,52.1,,
2022/7/10 16:45,35.3,50.4,,
2022/7/10 16:50,35.3,50.6,,
2022/7/10 16:55,35.4,51.3,,
2022/7/10 17:00,35.2,51.4,,
2022/7/10 17:05,35.3,55.3,,
2022/7/10 17:10,35.2,54.6,,
2022/7/10 17:15,35.3,52.5,,
2022/7/10 17:20,35.2,53.1,,
2022/7/10 17:25,35.1,55.6,,
2022/7/10 17:30,35.2,56.1,,
2022/7/10 17:35,35.2,51.9,,
2022/7/10 17:40,35.1,54.8,,
2022/7/10 17:45,35,52.1,,
2022/7/10 17:50,35.1,52.8,,
2022/7/10 17:55,34.9,52.2,,
2022/7/10 18:00,34.9,53,,
2022/7/10 18:05,34.9,52.2,,
2022/7/10 18:10,35,53.6,,
2022/7/10 18:15,35,53.1,,
2022/7/10 18:20,34.9,51.6,,
2022/7/10 18:25,34.9,50.9,,
2022/7/10 18:30,34.9,51.7,,
2022/7/10 18:35,34.8,51.8,,
2022/7/10 18:40,34.8,51.9,,
2022/7/10 18:45,34.7,54.5,,
2022/7/10 18:50,34.7,51.7,,
2022/7/10 18:55,34.8,51.8,,
2022/7/10 19:00,34.7,51.7,,
2022/7/10 19:05,34.7,52,,
2022/7/10 19:10,34.6,51.5,,
2022/7/10 19:15,34.7,51.2,,
2022/7/10 19:20,34.7,51.6,,
2022/7/10 19:25,34.6,51.8,,
2022/7/10 19:30,34.6,53.2,,
2022/7/10 19:35,34.7,51.6,,
2022/7/10 19:40,34.6,51.2,,
2022/7/10 19:45,34.6,51.3,,
2022/7/10 19:50,34.5,51.8,,
2022/7/10 19:55,34.6,51.4,,
2022/7/10 20:00,34.6,51.7,,
2022/7/10 20:05,34.5,51.6,,
2022/7/10 20:10,34.5,52,,
2022/7/10 20:15,34.5,52.4,,
2022/7/10 20:20,34.4,52.7,,
2022/7/10 20:25,34.4,53.2,,
2022/7/10 20:30,34.5,53.8,,
2022/7/10 20:35,34.4,55.2,,
2022/7/10 20:40,34.3,56.6,,
2022/7/10 20:45,34.3,57.1,,
2022/7/10 20:50,34.3,57.7,,
2022/7/10 20:55,34.3,57.7,,
2022/7/10 21:00,34.2,58.8,,
2022/7/10 21:05,34.2,59.5,,
2022/7/10 21:10,34.2,59.9,,
2022/7/10 21:15,34.2,58.5,,
2022/7/10 21:20,34.2,59.3,,
2022/7/10 21:25,34.1,59.9,,
2022/7/10 21:30,34.1,60.2,,
2022/7/10 21:35,34.2,59.8,,
2022/7/10 21:40,34.2,59.5,,
2022/7/10 21:45,34.2,60.3,,
2022/7/10 21:50,34.2,60.2,,
2022/7/10 21:55,34.1,60.6,,
2022/7/10 22:00,34.1,60.6,,
2022/7/10 22:05,34.1,59.5,,
2022/7/10 22:10,34.1,60.8,,
2022/7/10 22:15,34.1,61.1,,
2022/7/10 22:20,34.1,61.2,,
2022/7/10 22:25,34,61.2,,
2022/7/10 22:30,34,60.6,,
2022/7/10 22:35,34,59.9,,
2022/7/10 22:40,34,59.7,,
2022/7/10 22:45,34.1,59.3,,
2022/7/10 22:50,34,60.1,,
2022/7/11 10:47,35.2,53.6,,
2022/7/11 10:52,35.2,53.3,,
2022/7/11 10:57,35.3,53.2,,
2022/7/11 11:02,35.4,53.5,,
2022/7/11 11:07,35.3,52.8,,
2022/7/11 11:12,35.2,52.8,,
2022/7/11 11:17,35.4,52.3,,
2022/7/11 11:22,35.5,52.4,,
2022/7/11 11:27,35.5,52.1,,
2022/7/11 11:32,35.6,51.9,,
2022/7/11 11:37,35.6,52.7,,
2022/7/11 11:42,35.5,52,,
2022/7/11 11:47,35.5,52,,
2022/7/11 11:52,35.5,52.2,,
2022/7/11 11:57,35.5,51.8,,
2022/7/11 12:02,35.4,51.6,,
2022/7/11 12:07,35.5,51.3,,
2022/7/11 12:12,35.6,51.1,,
2022/7/11 12:17,35.6,50.7,,
2022/7/11 12:22,35.6,50.5,,
2022/7/11 12:27,35.6,50.3,,
2022/7/11 12:32,35.7,49.9,,
2022/7/11 12:37,35.7,49.8,,
2022/7/11 12:42,35.7,49.3,,
2022/7/11 12:47,35.7,49.3,,
2022/7/11 12:52,35.7,49,,
2022/7/11 12:57,35.7,48.8,,
2022/7/11 13:02,35.9,48.5,,
2022/7/11 13:07,35.8,49.1,,
2022/7/11 13:12,35.8,48.2,,
2022/7/11 13:17,35.9,47.7,,
2022/7/11 13:22,35.8,47.9,,
2022/7/11 13:27,35.8,47.7,,
2022/7/11 13:32,35.8,47.3,,
2022/7/11 13:37,35.8,48.3,,
2022/7/11 13:42,35.8,48.1,,
2022/7/11 13:47,35.9,47.3,,
2022/7/11 13:52,35.8,47.2,,
2022/7/11 13:57,35.9,48.1,,
2022/7/11 14:02,35.8,47.6,,
2022/7/11 14:07,35.9,47.4,,
2022/7/11 14:12,36,47.4,,
2022/7/11 14:17,35.8,47.6,,
2022/7/11 14:22,35.9,47.8,,
2022/7/11 14:27,35.8,48.3,,
2022/7/11 14:32,35.8,47.6,,
2022/7/11 14:37,35.9,48.2,,
2022/7/11 14:42,35.8,47.7,,
2022/7/11 14:47,35.8,48.9,,
2022/7/11 14:52,35.7,48.9,,
2022/7/11 14:57,35.8,48.3,,
2022/7/11 15:02,35.7,48.4,,
2022/7/11 15:07,35.9,48.5,,
2022/7/11 15:12,35.9,48.7,,
2022/7/11 15:17,35.8,48.7,,
2022/7/11 15:22,35.8,49.4,,
2022/7/11 15:27,35.8,48.8,,
2022/7/11 15:32,35.8,48.8,,
2022/7/11 15:37,35.8,48.7,,
2022/7/11 15:42,35.7,49.6,,
2022/7/11 15:47,35.7,48.6,,
2022/7/11 15:52,35.7,48.6,,
2022/7/11 15:57,35.7,48.9,,
2022/7/11 16:02,35.7,48.9,,
2022/7/11 16:07,35.5,49.5,,
2022/7/11 16:12,35.5,49.6,,
2022/7/11 16:17,35.5,49.4,,
2022/7/11 16:22,35.4,50.1,,
2022/7/11 16:27,35.4,49.8,,
2022/7/11 16:32,35.4,49.7,,
2022/7/11 16:37,35.3,50.7,,
2022/7/11 16:42,35.2,51,,
2022/7/11 16:47,35.1,51.7,,
2022/7/11 16:52,35.1,51.5,,
2022/7/11 16:57,34.9,51.9,,
2022/7/11 17:02,34.9,52,,
2022/7/11 17:07,35,52.6,,
2022/7/11 17:12,34.3,52.8,,
2022/7/11 17:17,34.2,52.7,,
2022/7/11 17:22,34.5,52.4,,
2022/7/11 17:27,34.7,51.3,,
2022/7/11 17:32,34.5,51.2,,
2022/7/11 17:37,34.5,51.1,,
2022/7/11 17:42,34.6,50.7,,
2022/7/11 17:47,34.7,51.1,,
2022/7/11 17:52,34.7,50.6,,
2022/7/11 17:57,34.5,51.2,,
2022/7/11 18:02,34.8,51.1,,
2022/7/11 18:07,34.7,51,,
2022/7/11 18:12,34.8,51.2,,
2022/7/11 18:17,34.7,51.2,,
2022/7/11 18:22,34.7,51.6,,
2022/7/11 18:27,34.6,51.6,,
2022/7/11 18:32,34.6,51.9,,
2022/7/11 18:37,34.6,51.7,,
2022/7/11 18:42,34.6,51.5,,
2022/7/11 18:47,34.6,51.3,,
2022/7/11 18:52,34.6,51.3,,
2022/7/11 18:57,34.6,51.4,,
2022/7/11 19:02,34.4,51.2,,
2022/7/11 19:07,34.5,51.4,,
2022/7/11 19:12,34.4,51.7,,
2022/7/11 19:17,34.4,51.4,,
2022/7/11 19:22,34.5,51,,
2022/7/11 19:27,34.5,50.8,,
2022/7/11 19:32,34.2,51.9,,
2022/7/11 19:37,34.3,51.3,,
2022/7/11 19:42,34.5,51.2,,
2022/7/11 19:47,34.5,51.2,,
2022/7/11 19:52,34.4,51.4,,
2022/7/11 19:57,34.4,52.5,,
2022/7/11 20:02,34.4,51.9,,
2022/7/11 20:07,34.5,52.4,,
2022/7/11 20:12,34.4,53.1,,
2022/7/11 20:17,34.5,53.2,,
2022/7/11 20:22,34.4,53.7,,
2022/7/11 20:27,34.3,54,,
2022/7/11 20:32,34.4,53.6,,
2022/7/11 20:37,34.5,54.1,,
2022/7/11 20:42,34.4,53.9,,
2022/7/11 20:47,34.4,53.8,,
2022/7/11 20:52,34.4,54.1,,
2022/7/11 20:57,34.5,54.5,,
2022/7/11 21:02,34.3,54.6,,
2022/7/11 21:07,34.2,55.3,,
2022/7/11 21:12,34.3,55,,
2022/7/11 21:17,34.3,55.5,,
2022/7/11 21:22,34.2,55.3,,
2022/7/11 21:27,34.2,55,,
2022/7/11 21:32,34.1,54.3,,
2022/7/11 21:37,34.1,53.9,,
2022/7/11 21:42,34.1,53.5,,
2022/7/11 21:47,34,53,,
2022/7/11 21:52,34.1,52.9,,
2022/7/11 21:57,34,53,,
2022/7/11 22:02,34.1,53.1,,
2022/7/11 22:07,34.2,53.1,,
2022/7/11 22:12,34.1,53.5,,
2022/7/11 22:17,34.1,54.6,,
2022/7/11 22:22,34.1,54.7,,
2022/7/11 22:27,34.2,54.4,,
2022/7/11 22:32,34.2,54.5,,
2022/7/11 22:37,34.2,54.7,,
2022/7/11 22:42,34.3,55.2,,
2022/7/11 22:47,34.2,55.6,,
2022/7/11 22:52,34.2,55.9,,
2022/7/11 22:57,34.2,55.8,,
2022/7/11 23:02,34.2,55.6,,
2022/7/11 23:07,34.3,55.5,,
2022/7/11 23:12,34.3,55.5,,
2022/7/11 23:17,34.2,55.3,,
2022/7/11 23:22,34.3,55.1,,
2022/7/11 23:27,34.3,55.1,,
2022/7/11 23:32,34.2,55.1,,
2022/7/12 9:57,34.6,56.9,,
2022/7/12 10:02,34.7,53.8,,
2022/7/12 10:07,34.8,57.3,,
2022/7/12 10:12,34.9,57.4,,
2022/7/12 10:17,34.9,56.1,,
2022/7/12 10:22,35,56.9,,
2022/7/12 10:27,35.1,57.1,,
2022/7/12 10:32,35.1,56.4,,
2022/7/12 10:37,35.1,56.9,,
2022/7/12 10:42,35.1,56.8,,
2022/7/12 10:47,35.1,56.7,,
2022/7/12 10:52,35.2,55.7,,
2022/7/12 10:57,35.4,56,,
2022/7/12 11:02,35.3,56,,
2022/7/12 11:07,35.4,55.7,,
2022/7/12 11:12,35.6,55.5,,
2022/7/12 11:17,35.7,54.9,,
2022/7/12 11:22,35.5,52.6,,
2022/7/12 11:27,35.7,54.6,,
2022/7/12 11:32,35.7,54.2,,
2022/7/12 11:37,35.8,53.9,,
2022/7/12 11:42,35.8,53.5,,
2022/7/12 11:47,35.9,52.9,,
2022/7/12 11:52,36,52.8,,
2022/7/12 11:57,36.1,52.6,,
2022/7/12 12:02,36,52.3,,
2022/7/12 12:07,36,52.4,,
2022/7/12 12:12,36.2,52.1,,
2022/7/12 12:17,36.2,52.1,,
2022/7/12 12:22,36.2,52.1,,
2022/7/12 12:27,36.2,51.8,,
2022/7/12 12:32,36.2,51.6,,
2022/7/12 12:37,36.3,51.5,,
2022/7/12 12:42,36.5,51.3,,
2022/7/12 12:47,36.5,50.9,,
2022/7/12 12:52,36.4,50.7,,
2022/7/12 12:57,36.3,50.9,,
2022/7/12 13:02,36.3,50.8,,
2022/7/12 13:07,36.4,50.4,,
2022/7/12 13:12,36.5,50.2,,
2022/7/12 13:17,36.6,50,,
2022/7/12 13:22,36.5,49.9,,
2022/7/12 13:27,36.6,49.7,,
2022/7/12 13:32,36.4,50.3,,
2022/7/12 13:37,36.3,51,,
2022/7/12 13:42,36.1,51.1,,
2022/7/12 13:47,36.1,51.8,,
2022/7/12 13:52,36.2,52.1,,
2022/7/12 13:57,36.3,51.4,,
2022/7/12 14:02,36.2,51.1,,
2022/7/12 14:07,36.2,52.6,,
2022/7/12 14:12,36.1,52.7,,
2022/7/12 14:17,36.3,52.5,,
2022/7/12 14:22,36.3,52.4,,
2022/7/12 14:27,36.4,52.3,,
2022/7/12 14:32,36.3,52.7,,
2022/7/12 14:37,36.1,52.7,,
2022/7/12 14:42,36.2,52.2,,
2022/7/12 14:47,35.9,52.8,,
2022/7/12 14:52,35.5,52.8,,
2022/7/12 14:57,34.9,53,,
2022/7/12 15:02,34.6,52.3,,
2022/7/12 15:07,34.6,50.2,,
2022/7/12 15:12,34.8,48,,
2022/7/12 15:17,34.7,48,,
2022/7/12 15:22,34.8,46.6,,
2022/7/12 15:27,34.6,45.6,,
2022/7/12 15:32,34.7,44.7,,
2022/7/12 15:37,34.6,44.4,,
2022/7/12 15:42,34.4,44,,
2022/7/12 15:47,34.4,43,,
2022/7/12 15:52,34.6,43.2,,
2022/7/12 15:57,34.5,42.2,,
2022/7/12 16:02,34.5,42.1,,
2022/7/12 16:07,34.5,42,,
2022/7/12 16:12,34.1,40.7,,
2022/7/12 16:17,33.9,40,,
2022/7/12 16:22,34,39.6,,
2022/7/12 16:27,34.3,39.8,,
2022/7/12 16:32,34.5,39.8,,
2022/7/12 16:37,34.5,39.8,,
2022/7/12 16:42,34.5,40.3,,
2022/7/12 16:47,34.5,40.7,,
2022/7/12 16:52,34.5,40.9,,
2022/7/12 16:57,34.3,42,,
2022/7/12 17:02,34.4,42.2,,
2022/7/12 17:07,34.2,42.3,,
2022/7/12 17:12,34.3,42.6,,
2022/7/12 17:17,34.5,42.7,,
2022/7/12 17:22,34.5,43,,
2022/7/12 17:27,34.4,43.3,,
2022/7/12 17:32,34.4,43.5,,
2022/7/12 17:37,34.5,43.4,,
2022/7/12 17:42,34.2,43.2,,
2022/7/12 17:47,34.2,43,,
2022/7/12 17:52,34.3,43.2,,
2022/7/12 17:57,34.3,43.5,,
2022/7/12 18:02,34.3,43.2,,
2022/7/12 18:07,34.4,43.2,,
2022/7/12 18:12,34.3,43.2,,
2022/7/12 18:17,34.5,43.5,,
2022/7/12 18:22,34.3,43.3,,
2022/7/12 18:27,34.3,43.7,,
2022/7/12 18:32,34.4,43.8,,
2022/7/12 18:37,34.2,43.6,,
2022/7/12 18:42,34.2,43.5,,
2022/7/12 18:47,34.1,42.9,,
2022/7/12 18:52,33.7,41.3,,
2022/7/12 18:57,33.8,40.2,,
2022/7/12 19:02,33.7,39.7,,
2022/7/12 19:07,33.8,39.3,,
2022/7/12 19:12,33.8,39,,
2022/7/12 19:17,33.7,39.4,,
2022/7/12 19:22,33.9,39.4,,
2022/7/12 19:27,33.9,39.5,,
2022/7/12 19:32,33.9,40.2,,
2022/7/12 19:37,33.9,40.1,,
2022/7/12 19:42,33.8,40.4,,
2022/7/12 19:47,33.8,40.2,,
2022/7/12 19:52,33.8,40,,
2022/7/12 19:57,33.7,40,,
2022/7/12 20:02,33.7,40,,
2022/7/12 20:07,33.7,40,,
2022/7/12 20:12,33.8,40.3,,
2022/7/12 20:17,33.8,40.1,,
2022/7/12 20:22,33.8,40.3,,
2022/7/12 20:27,33.9,40.4,,
2022/7/12 20:32,33.9,41.1,,
2022/7/12 20:37,33.7,41,,
2022/7/12 20:42,33.7,40.3,,
2022/7/12 20:47,33.7,40.5,,
2022/7/12 20:52,33.6,41.3,,
2022/7/12 20:57,33.6,40,,
2022/7/12 21:02,33.6,40.9,,
2022/7/12 21:07,33.6,41.3,,
2022/7/12 21:12,33.6,41,,
2022/7/12 21:17,33.6,41.1,,
2022/7/12 21:22,33.6,40,,
2022/7/12 21:27,33.6,40.6,,
2022/7/12 21:32,33.6,40.1,,
2022/7/12 21:37,33.7,40.1,,
2022/7/12 21:42,33.7,40.7,,
2022/7/12 21:47,33.7,41.2,,
2022/7/12 21:52,33.7,40.8,,
2022/7/12 21:57,33.6,41.2,,
2022/7/12 22:02,33.5,41.6,,
2022/7/12 22:07,33.6,41.4,,
2022/7/14 10:26,35.5,55.1,,
2022/7/14 10:31,35.6,55.2,,
2022/7/14 10:36,35.5,55.3,,
2022/7/14 10:41,35.6,55.3,,
2022/7/14 10:46,35.6,55.2,,
2022/7/14 10:51,35.6,55.1,,
2022/7/14 10:56,35.7,55.1,,
2022/7/14 11:01,35.7,55.1,,
2022/7/14 11:06,35.8,54.9,,
2022/7/14 11:11,35.8,54.6,,
2022/7/14 11:16,35.9,54.3,,
2022/7/14 11:21,36,53.8,,
2022/7/14 11:26,36.1,53.5,,
2022/7/14 11:31,36.2,53.1,,
2022/7/14 11:36,36.3,52.8,,
2022/7/14 11:41,36.4,52.5,,
2022/7/14 11:46,36.4,52.2,,
2022/7/14 11:51,36.4,52,,
2022/7/14 11:56,36.2,52,,
2022/7/14 12:01,36.4,51.8,,
2022/7/14 12:06,36.5,51.4,,
2022/7/14 12:11,36.5,50.8,,
2022/7/14 12:16,36.5,50.7,,
2022/7/14 12:21,36.5,50.7,,
2022/7/14 12:26,36.6,50.2,,
2022/7/14 12:31,36.7,49.8,,
2022/7/14 12:36,36.6,49.5,,
2022/7/14 12:41,36.7,49.3,,
2022/7/14 12:46,36.6,49.5,,
2022/7/14 12:51,36.6,49.2,,
2022/7/14 12:56,36.5,49.4,,
2022/7/14 13:01,36.5,49.6,,
2022/7/14 13:06,36.4,49.4,,
2022/7/14 13:11,36.5,48.9,,
2022/7/14 13:16,36.6,48.5,,
2022/7/14 13:21,36.7,48.4,,
2022/7/14 13:26,36.6,48.6,,
2022/7/14 13:31,36.8,48.3,,
2022/7/14 13:36,36.9,47.9,,
2022/7/14 13:41,36.9,47.6,,
2022/7/14 13:46,36.8,47.7,,
2022/7/14 13:51,36.8,48,,
2022/7/14 13:56,36.9,47.7,,
2022/7/14 14:01,36.8,48,,
2022/7/14 14:06,36.8,47.9,,
2022/7/14 14:11,36.7,47.9,,
2022/7/14 14:16,36.7,48.2,,
2022/7/14 14:21,36.7,48.3,,
2022/7/14 14:26,36.7,48.6,,
2022/7/14 14:31,36.6,49.1,,
2022/7/14 14:36,36.4,49.3,,
2022/7/14 14:41,36.4,49.9,,
2022/7/14 14:46,36.4,49.9,,
2022/7/14 14:51,36.5,49.9,,
2022/7/14 14:56,36.3,50.6,,
2022/7/14 15:01,36.5,50.7,,
2022/7/14 15:06,36.4,50.3,,
2022/7/14 15:11,36.3,50.8,,
2022/7/14 15:16,36.3,51.2,,
2022/7/14 15:21,36.4,51.5,,
2022/7/14 15:26,36.4,51.9,,
2022/7/14 15:31,36.3,52.3,,
2022/7/14 15:36,36.3,52.4,,
2022/7/14 15:41,36.4,52.8,,
2022/7/14 15:46,36.3,53,,
2022/7/14 15:51,36.3,53,,
2022/7/14 15:56,36.2,53,,
2022/7/14 16:01,36.3,53,,
2022/7/14 16:06,36.2,53,,
2022/7/14 16:11,36.1,53.4,,
2022/7/14 16:16,36.2,53.4,,
2022/7/14 16:21,36.1,53.6,,
2022/7/14 16:26,36.2,53.5,,
2022/7/14 16:31,36.1,53.7,,
2022/7/14 16:36,36,53.7,,
2022/7/14 16:41,36.1,53.7,,
2022/7/14 16:46,36,53.7,,
2022/7/14 16:51,35.9,53.9,,
2022/7/14 16:56,35.8,53.8,,
2022/7/14 17:01,36,53.8,,
2022/7/14 17:06,36,53.7,,
2022/7/14 17:11,35.9,53.7,,
2022/7/14 17:16,35.9,53.8,,
2022/7/14 17:21,35.9,54,,
2022/7/14 17:26,35.8,53.9,,
2022/7/14 17:31,35.8,53.8,,
2022/7/14 17:36,35.8,53.9,,
2022/7/14 17:41,35.8,53.9,,
2022/7/14 17:46,35.9,54.1,,
2022/7/14 17:51,35.7,54.2,,
2022/7/14 17:56,35.7,54.3,,
2022/7/14 18:01,35.6,54.3,,
2022/7/14 18:06,35.6,54.5,,
2022/7/14 18:11,35.7,54.6,,
2022/7/14 18:16,35.7,54.6,,
2022/7/14 18:21,35.6,54.5,,
2022/7/14 18:26,35.5,54.6,,
2022/7/14 18:31,35.5,54.5,,
2022/7/14 18:36,35.5,54.7,,
2022/7/14 18:41,35.5,54.6,,
2022/7/14 18:46,35.6,54.8,,
2022/7/14 18:51,35.5,54.9,,
2022/7/14 18:56,35.5,55,,
2022/7/14 19:01,35.5,55,,
2022/7/14 19:06,35.5,55.1,,
2022/7/14 19:11,35.4,55.2,,
2022/7/14 19:16,35.4,55.3,,
2022/7/14 19:21,35.4,55.2,,
2022/7/14 19:26,35.4,55.5,,
2022/7/14 19:31,35.3,55.6,,
2022/7/14 19:36,35.4,55.6,,
2022/7/14 19:41,35.4,55.9,,
2022/7/14 19:46,35.3,56,,
2022/7/14 19:51,35.2,56.3,,
2022/7/14 19:56,35.2,56.5,,
2022/7/14 20:01,35.3,56.4,,
2022/7/14 20:06,35.2,56.7,,
2022/7/14 20:11,35.1,57,,
2022/7/14 20:16,35,57,,
2022/7/14 20:21,35.1,57.1,,
2022/7/14 20:26,35.1,57.3,,
2022/7/14 20:31,35.1,57.3,,
2022/7/14 20:36,35.1,57.6,,
2022/7/14 20:41,35,57.5,,
2022/7/14 20:46,35.1,57.8,,
2022/7/14 20:51,35,57.7,,
2022/7/14 20:56,35,58.1,,
2022/7/14 21:01,34.9,58.2,,
2022/7/14 21:06,34.9,58.3,,
2022/7/14 21:11,34.9,58.4,,
2022/7/14 21:16,34.9,58.5,,
2022/7/14 21:21,34.8,58.5,,
2022/7/14 21:26,34.8,58.6,,
2022/7/14 21:31,34.8,58.6,,
2022/7/14 21:36,34.8,58.4,,
2022/7/14 21:41,34.8,58.3,,
2022/7/14 21:46,34.8,58.4,,
2022/7/14 21:51,34.8,58.4,,
2022/7/14 21:56,34.7,58.2,,
2022/7/14 22:01,34.7,58.5,,
2022/7/14 22:06,34.8,58.3,,
2022/7/14 22:11,34.7,58.3,,
2022/7/14 22:16,34.8,58.4,,
2022/7/14 22:21,34.8,58.4,,
2022/7/14 22:26,34.7,58.1,,
2022/7/14 22:31,34.7,58.5,,
2022/7/14 22:36,34.7,58.5,,
2022/7/14 22:41,34.7,58.2,,
2022/7/14 22:46,34.7,58.2,,
2022/7/14 22:51,34.7,57.9,,
2022/7/14 22:56,34.8,58,,
2022/7/14 23:01,34.7,57.8,,
2022/7/14 23:06,34.7,57.5,,
2022/7/14 23:11,34.6,57.5,,
2022/7/14 23:16,34.5,57,,
2022/7/14 23:21,34.6,57,,
2022/7/14 23:26,34.6,56.1,,
2022/7/14 23:31,34.5,55.4,,
2022/7/14 23:36,34.5,55.6,,
2022/7/14 23:41,34.4,54.8,,
2022/7/14 23:46,34.5,55.6,,
2022/7/14 23:51,34.5,54.8,,
2022/7/14 23:56,34.5,55.2,,
2022/7/15 0:01,34.5,54.7,,
2022/7/15 0:06,34.4,54.4,,
2022/7/15 0:11,34.4,54.3,,
2022/7/15 0:16,34.5,54.4,,
2022/7/15 0:21,34.4,53,,
2022/7/15 0:26,34.4,53.6,,
2022/7/15 0:31,34.4,53.2,,
2022/7/15 0:36,34.4,54.1,,
2022/7/15 0:41,34.4,53.4,,
2022/7/15 0:46,34.3,53.9,,
2022/7/15 0:51,34.5,53.1,,
2022/7/15 0:56,34.5,53.8,,
2022/7/15 1:01,34.4,53.5,,
2022/7/15 1:06,34.5,53.6,,
2022/7/15 1:11,34.4,54.2,,
2022/7/15 1:16,34.4,53.1,,
2022/7/15 1:21,34.3,54,,
2022/7/15 1:26,34.4,53.1,,
2022/7/15 1:31,34.3,53.2,,
2022/7/15 1:36,34.3,51.9,,
2022/7/15 1:41,34.4,53,,
2022/7/15 1:46,34.3,52.1,,
2022/7/15 1:51,34.3,51.7,,
2022/7/15 1:56,34.3,52,,
2022/7/15 2:01,34.2,52.1,,
2022/7/15 2:06,34.1,52.6,,
2022/7/15 2:11,34.2,51.9,,
2022/7/15 2:16,34.3,52.4,,
2022/7/15 2:21,34.2,52.3,,
2022/7/15 2:26,34.3,51.9,,
2022/7/15 2:31,34.1,53,,
2022/7/15 2:36,34.2,51.4,,
2022/7/15 2:41,34.2,52.4,,
2022/7/15 2:46,34.2,50.7,,
2022/7/15 2:51,34.2,51.2,,
2022/7/15 2:56,34.3,51.7,,
2022/7/15 3:01,34.2,51.2,,
2022/7/15 3:06,34.2,51.2,,
2022/7/15 3:11,34.1,51.6,,
2022/7/15 3:16,34.3,50.6,,
2022/7/15 3:21,34.3,51.3,,
2022/7/15 3:26,34.2,51.6,,
2022/7/15 3:31,34.1,51.9,,
2022/7/15 3:36,34.2,51.1,,
2022/7/15 3:41,34.2,50.1,,
2022/7/15 3:46,34.2,49.9,,
2022/7/15 3:51,34,50,,
2022/7/15 3:56,34.2,49.2,,
2022/7/15 4:01,34.1,49.6,,
2022/7/15 4:06,34,49.3,,
2022/7/15 4:11,34,50.7,,
2022/7/15 4:16,34.1,50.4,,
2022/7/15 4:21,34.1,49.5,,
2022/7/15 4:26,34.1,50.7,,
2022/7/15 4:31,34,51.3,,
2022/7/15 4:36,34.1,49.6,,
2022/7/15 4:41,34.1,50.1,,
2022/7/15 4:46,34,50.3,,
2022/7/15 4:51,34.1,50.4,,
2022/7/15 4:56,34.1,50.1,,
2022/7/15 5:01,34.1,50.1,,
2022/7/15 5:06,34.1,50.6,,
2022/7/15 5:11,34,49.1,,
2022/7/15 5:16,33.8,50,,
2022/7/15 5:21,33.8,48.9,,
2022/7/15 5:26,33.8,48.6,,
2022/7/15 5:31,33.8,48.4,,
2022/7/15 5:36,33.9,49.8,,
2022/7/15 5:41,34,49.3,,
2022/7/15 5:46,33.9,47.7,,
2022/7/15 5:51,34,50.4,,
2022/7/15 5:56,34,49.2,,
2022/7/15 6:01,33.9,50.5,,
2022/7/15 6:06,33.9,50.9,,
2022/7/15 6:11,33.9,52.5,,
2022/7/15 6:16,33.8,52.8,,
2022/7/15 6:21,33.8,52.1,,
2022/7/15 6:26,33.9,52.5,,
2022/7/15 6:31,33.9,53.4,,
2022/7/15 6:36,34,55.9,,
2022/7/15 6:41,34,55,,
2022/7/15 6:46,34,56,,
2022/7/15 6:51,34,56.4,,
2022/7/15 6:56,34,58.4,,
2022/7/15 7:01,34,57.1,,
2022/7/15 7:06,34,58.4,,
2022/7/15 7:11,34.1,58.9,,
2022/7/15 7:16,34,58.4,,
2022/7/15 7:21,34.1,58.8,,
2022/7/15 7:26,34.2,59.5,,
2022/7/15 7:31,34.1,59.6,,
2022/7/15 7:36,34.1,59.7,,
2022/7/15 7:41,34.3,59.5,,
2022/7/15 7:46,34.1,59.2,,
2022/7/15 7:51,34.1,59.8,,
2022/7/15 7:56,34.1,60.2,,
2022/7/15 8:01,34,59.5,,
2022/7/15 8:06,34,58.8,,
2022/7/15 8:11,34.2,58.5,,
2022/7/15 8:16,34.1,57.7,,
2022/7/15 8:21,34.1,56.8,,
2022/7/15 8:26,34.1,56.8,,
2022/7/15 8:31,34.1,56.5,,
2022/7/15 8:36,34.1,57.1,,
2022/7/15 8:41,34.3,56.4,,
2022/7/15 8:46,34.4,55.7,,
2022/7/15 8:51,34.6,55.5,,
2022/7/15 8:56,34.6,55.7,,
2022/7/15 9:01,34.6,55.4,,
2022/7/15 9:06,34.6,55.6,,
2022/7/15 9:11,34.6,56.1,,
2022/7/15 9:16,34.6,55.9,,
2022/7/15 9:21,34.8,55.6,,
2022/7/15 9:26,34.9,55.3,,
2022/7/15 9:31,34.8,55.2,,
2022/7/15 9:36,35,55,,
2022/7/15 9:41,34.9,54.7,,
2022/7/15 9:46,35,54.9,,
2022/7/15 9:51,35,54.6,,
2022/7/15 9:56,35.1,54.4,,
2022/7/15 10:01,35.2,54.2,,
2022/7/15 10:06,35.3,53.9,,
2022/7/15 10:11,35.4,53.8,,
2022/7/15 10:16,35.4,53.7,,
2022/7/15 10:21,35.5,53.7,,
2022/7/15 10:26,35.4,53.6,,
2022/7/15 10:31,35.5,53.3,,
2022/7/15 10:36,35.5,52.6,,
2022/7/15 10:41,35.8,52.3,,
2022/7/15 10:46,35.7,52,,
2022/7/15 10:51,35.8,51.7,,
2022/7/15 10:56,35.9,51.6,,
2022/7/15 11:01,35.9,51.3,,
2022/7/15 11:06,36,51,,
2022/7/15 11:11,35.9,50.7,,
2022/7/15 11:16,36,50.7,,
2022/7/15 11:21,36,50.4,,
2022/7/15 11:26,36.1,49.8,,
2022/7/15 11:31,36.1,49.5,,
2022/7/15 11:36,36.1,49.5,,
2022/7/15 11:41,36.1,49.3,,
2022/7/15 11:46,36.3,48.7,,
2022/7/15 11:51,36.2,48.7,,
2022/7/15 11:56,36.3,47.8,,
2022/7/15 12:01,36.4,47.9,,
2022/7/15 12:06,36.3,47.7,,
2022/7/15 12:11,36.2,48.1,,
2022/7/15 12:16,36.3,47.3,,
2022/7/15 12:21,36.3,47,,
2022/7/15 12:26,36.4,46.7,,
2022/7/15 12:31,36.4,46.9,,
2022/7/15 12:36,36.5,46.4,,
2022/7/15 12:41,36.5,46.4,,
2022/7/15 12:46,36.3,47,,
2022/7/15 12:51,36.4,46.1,,
2022/7/15 12:56,36.6,45.9,,
2022/7/15 13:01,36.7,45.4,,
2022/7/15 13:06,36.7,45.3,,
2022/7/15 13:11,36.8,45,,
2022/7/15 13:16,36.9,45.1,,
2022/7/15 13:21,36.8,45.3,,
2022/7/15 13:26,36.8,44.9,,
2022/7/15 13:31,36.8,44.8,,
2022/7/15 13:36,36.6,43.9,,
2022/7/15 13:41,36.5,43.7,,
2022/7/15 13:46,36.6,41.5,,
2022/7/15 13:51,36.9,40.5,,
2022/7/15 13:56,36.9,40.3,,
2022/7/15 14:01,36.8,39.5,,
2022/7/15 14:06,36.9,38.7,,
2022/7/15 14:11,36.7,39.1,,
2022/7/15 14:16,36.8,39.3,,
2022/7/15 14:21,36.8,40,,
2022/7/15 14:26,36.9,40.1,,
2022/7/15 14:31,36.7,41.1,,
2022/7/15 14:36,36.6,41.4,,
2022/7/15 14:41,36.9,41.9,,
2022/7/15 14:46,36.8,42.1,,
2022/7/15 14:51,36.7,42.3,,
2022/7/15 14:56,36.8,42.4,,
2022/7/15 15:01,36.8,42.5,,
2022/7/15 15:06,36.7,42.3,,
2022/7/15 15:11,36.8,42.3,,
2022/7/15 15:16,36.6,42.2,,
2022/7/15 15:21,36.4,42.9,,
2022/7/15 15:26,36.4,42.7,,
2022/7/15 15:31,36.6,42.2,,
2022/7/15 15:36,36.6,42.2,,
2022/7/15 15:41,36.6,42.5,,
2022/7/15 15:46,36.5,42.6,,
2022/7/15 15:51,36.6,42.6,,
2022/7/15 15:56,36.6,42.5,,
2022/7/15 16:01,36.5,42.4,,
2022/7/15 16:06,36.5,42.4,,
2022/7/15 16:11,36.7,42.4,,
2022/7/15 16:16,36.5,42.7,,
2022/7/15 16:21,36.4,42.9,,
2022/7/15 16:26,36.4,43.1,,
2022/7/15 16:31,36.4,43.1,,
2022/7/15 16:36,36.4,43,,
2022/7/15 16:41,36.4,43,,
2022/7/15 16:46,36.3,43.3,,
2022/7/15 16:51,36.4,43.3,,
2022/7/15 16:56,36.3,43.3,,
2022/7/15 17:01,36.3,43.3,,
2022/7/15 17:06,36.3,43.2,,
2022/7/15 17:11,36.3,43.3,,
2022/7/15 17:16,36.3,43.4,,
2022/7/15 17:21,36.2,43.8,,
2022/7/15 17:26,36.2,43.9,,
2022/7/15 17:31,36.2,44,,
2022/7/15 17:36,36.3,44,,
2022/7/15 17:41,36.1,44.2,,
2022/7/15 17:46,36.1,44.2,,
2022/7/15 17:51,36,44.4,,
2022/7/15 17:56,36.1,44.7,,
2022/7/15 18:01,35.9,45.1,,
2022/7/15 18:06,35.8,45.6,,
2022/7/15 18:11,35.7,45.8,,
2022/7/15 18:16,35.8,45.9,,
2022/7/15 18:21,35.8,46,,
2022/7/15 18:26,35.9,46.4,,
2022/7/15 18:31,35.7,46.7,,
2022/7/15 18:36,35.8,47.7,,
2022/7/15 18:41,35.7,47.7,,
2022/7/15 18:46,35.6,48,,
2022/7/15 18:51,35.7,48.2,,
2022/7/15 18:56,35.5,48.7,,
2022/7/15 19:01,35.5,49.2,,
2022/7/15 19:06,35.4,49.5,,
2022/7/15 19:11,35.5,49.7,,
2022/7/15 19:16,35.4,49.8,,
2022/7/15 19:21,35.5,50.3,,
2022/7/15 19:26,35.5,50.3,,
2022/7/15 19:31,35.4,50.6,,
2022/7/15 19:36,35.5,50.8,,
2022/7/15 19:41,35.4,51.1,,
2022/7/15 19:46,35.4,51,,
2022/7/15 19:51,35.5,51.6,,
2022/7/15 19:56,35.3,51.8,,
2022/7/15 20:01,35.3,51.9,,
2022/7/15 20:06,35.2,52.3,,
2022/7/15 20:11,35.4,52,,
2022/7/15 20:16,35.4,52.2,,
2022/7/15 20:21,35.4,52.3,,
2022/7/15 20:26,35.2,52.4,,
2022/7/15 20:31,35.2,52.8,,
2022/7/15 20:36,35.4,52.8,,
2022/7/15 20:41,35.3,52.7,,
2022/7/15 20:46,35.2,52.8,,
2022/7/15 20:51,35.3,52.9,,
2022/7/15 20:56,35.2,52.9,,
2022/7/15 21:01,35.2,53.2,,
2022/7/15 21:06,35.2,53.2,,
2022/7/15 21:11,35.2,53.3,,
2022/7/15 21:16,35.1,53.3,,
2022/7/15 21:21,35.2,53.4,,
2022/7/15 21:26,35.1,53.5,,
2022/7/15 21:31,35.1,53.7,,
2022/7/15 21:36,35.1,53.7,,
2022/7/15 21:41,35.1,53.7,,
2022/7/15 21:46,34.9,53.9,,
2022/7/15 21:51,35.1,53.9,,
2022/7/15 21:56,35,54,,
2022/7/16 9:48,34.7,56.1,,
2022/7/16 9:53,34.7,55.8,,
2022/7/16 9:58,34.7,55.7,,
2022/7/16 10:03,34.8,55.5,,
2022/7/16 10:08,34.7,55.4,,
2022/7/16 10:13,34.7,56,,
2022/7/16 10:18,34.7,57.9,,
2022/7/16 10:23,34.7,57.4,,
2022/7/16 10:28,34.7,57.3,,
2022/7/16 10:33,34.7,57,,
2022/7/16 10:38,34.6,56.6,,
2022/7/16 10:43,34.6,56.1,,
2022/7/16 10:48,34.6,56.1,,
2022/7/16 10:53,34.6,56.2,,
2022/7/16 10:58,34.8,55.8,,
2022/7/16 11:03,34.7,55.6,,
2022/7/16 11:08,34.7,55.3,,
2022/7/16 11:13,34.9,55,,
2022/7/16 11:18,34.9,54.9,,
2022/7/16 11:23,35,54.7,,
2022/7/16 11:28,35,54.6,,
2022/7/16 11:33,35.1,54.6,,
2022/7/16 11:38,35.2,54.5,,
2022/7/16 11:43,35.2,54.2,,
2022/7/16 11:48,35.2,54.3,,
2022/7/16 11:53,35.1,54.2,,
2022/7/16 11:58,35.2,53.9,,
2022/7/16 12:03,35.2,54.2,,
2022/7/16 12:08,35.1,53.9,,
2022/7/16 12:13,35.3,53.3,,
2022/7/16 12:18,35.4,53.2,,
2022/7/16 12:23,35.3,53,,
2022/7/16 12:28,35.5,52.8,,
2022/7/16 12:33,35.4,52.7,,
2022/7/16 12:38,35.5,52.6,,
2022/7/16 12:43,35.5,52.3,,
2022/7/16 12:48,35.7,51.9,,
2022/7/16 12:53,35.8,51.7,,
2022/7/16 12:58,35.8,51.4,,
2022/7/16 13:03,35.9,51.4,,
2022/7/16 13:08,35.9,51.2,,
2022/7/16 13:13,35.9,51.3,,
2022/7/16 13:18,35.9,51,,
2022/7/16 13:23,35.9,51,,
2022/7/16 13:28,35.9,51.2,,
2022/7/16 13:33,35.7,51.2,,
2022/7/16 13:38,35.7,51.6,,
2022/7/16 13:43,35.8,51.7,,
2022/7/16 13:48,35.9,51.8,,
2022/7/16 13:53,35.8,52,,
2022/7/16 13:58,35.9,52,,
2022/7/16 14:03,36,52,,
2022/7/16 14:08,35.9,52.1,,
2022/7/16 14:13,35.9,52.3,,
2022/7/16 14:18,35.8,52.6,,
2022/7/16 14:23,36,52.4,,
2022/7/16 14:28,36,52.1,,
2022/7/16 14:33,36,51.9,,
2022/7/16 14:38,36,52.1,,
2022/7/16 14:43,35.9,52.3,,
2022/7/16 14:48,35.9,52,,
2022/7/16 14:53,35.7,52.5,,
2022/7/16 14:58,35.8,52.1,,
2022/7/16 15:03,35.8,52,,
2022/7/16 15:08,35.8,52.1,,
2022/7/16 15:13,35.8,51.8,,
2022/7/16 15:18,35.9,51.6,,
2022/7/16 15:23,35.9,51.5,,
2022/7/16 15:28,36,51.2,,
2022/7/16 15:33,36,51.1,,
2022/7/16 15:38,35.9,51.4,,
2022/7/16 15:43,36,51.2,,
2022/7/16 15:48,35.9,51.2,,
2022/7/16 15:53,35.9,51.1,,
2022/7/16 15:58,35.9,51.1,,
2022/7/16 16:03,35.9,51.3,,
2022/7/16 16:08,35.8,51.4,,
2022/7/16 16:13,35.9,51.5,,
2022/7/16 16:18,35.9,51.6,,
2022/7/16 16:23,35.8,51.6,,
2022/7/16 16:28,35.7,52.1,,
2022/7/16 16:33,35.7,52.8,,
2022/7/16 16:38,35.8,52.9,,
2022/7/16 16:43,35.7,52.6,,
2022/7/16 16:48,35.7,52.9,,
2022/7/16 16:53,35.7,52.9,,
2022/7/16 16:58,35.6,53.4,,
2022/7/16 17:03,35.5,53.9,,
2022/7/16 17:08,35.5,54,,
2022/7/16 17:13,35.4,54.4,,
2022/7/16 17:18,35.4,54.6,,
2022/7/16 17:23,35.4,54.7,,
2022/7/16 17:28,35.4,55,,
2022/7/16 17:33,35.5,55.1,,
2022/7/16 17:38,35.4,55.2,,
2022/7/16 17:43,35.3,55.2,,
2022/7/16 17:48,35.4,55.5,,
2022/7/16 17:53,35.3,55.5,,
2022/7/16 17:58,35.4,55.6,,
2022/7/16 18:03,35.2,55.8,,
2022/7/16 18:08,35.3,55.7,,
2022/7/16 18:13,35.1,55.7,,
2022/7/16 18:18,35.1,55.8,,
2022/7/16 18:23,35.1,56,,
2022/7/16 18:28,35,56,,
2022/7/16 18:33,35.1,56,,
2022/7/16 18:38,35,55.8,,
2022/7/16 18:43,35.1,56.2,,
2022/7/16 18:48,34.9,56.1,,
2022/7/16 18:53,34.9,55.8,,
2022/7/16 18:58,34.8,55.7,,
2022/7/16 19:03,34.8,55.3,,
2022/7/16 19:08,35,55,,
2022/7/16 19:13,34.8,54.7,,
2022/7/16 19:18,34.9,54.3,,
2022/7/16 19:23,34.9,54.7,,
2022/7/16 19:28,34.8,53.9,,
2022/7/16 19:33,34.7,53.9,,
2022/7/16 19:38,34.7,52.8,,
2022/7/16 19:43,34.6,52.4,,
2022/7/16 19:48,34.6,50.9,,
2022/7/16 19:53,34.6,50.2,,
2022/7/16 19:58,34.6,50.4,,
2022/7/16 20:03,34.5,49.4,,
2022/7/16 20:08,34.7,50.1,,
2022/7/16 20:13,34.6,49.5,,
2022/7/16 20:18,34.6,49,,
2022/7/16 20:23,34.5,48,,
2022/7/16 20:28,34.6,49.3,,
2022/7/16 20:33,34.5,48.7,,
2022/7/16 20:38,34.6,48.6,,
2022/7/16 20:43,34.3,47.5,,
2022/7/16 20:48,34.4,47.7,,
2022/7/16 20:53,34.3,47.6,,
2022/7/16 20:58,34.3,47.9,,
2022/7/16 21:03,34.4,47.5,,
2022/7/16 21:08,34.3,47.3,,
2022/7/16 21:13,34.3,46.9,,
2022/7/16 21:18,34.3,47.5,,
2022/7/16 21:23,34.2,46.9,,
2022/7/16 21:28,34.3,47,,
2022/7/16 21:33,34.3,47,,
2022/7/16 21:38,34.3,46.2,,
2022/7/16 21:43,34.3,47.4,,
2022/7/16 21:48,34.3,47.6,,
2022/7/16 21:53,34.2,47.6,,
2022/7/16 21:58,34.3,46.9,,
2022/7/16 22:03,34.1,46.9,,
2022/7/16 22:08,34.2,46.6,,
2022/7/16 22:13,34.2,46.9,,
2022/7/17 10:52,35.9,50.8,,
2022/7/17 10:57,36,50.9,,
2022/7/17 11:02,36,50.8,,
2022/7/17 11:07,35.9,50.6,,
2022/7/17 11:12,36.1,50.7,,
2022/7/17 11:17,36.2,50.2,,
2022/7/17 11:22,36.4,49.1,,
2022/7/17 11:27,36.5,48.8,,
2022/7/17 11:32,36.5,48.8,,
2022/7/17 11:37,36.4,48.6,,
2022/7/17 11:42,36.6,47.8,,
2022/7/17 11:47,36.6,47.5,,
2022/7/17 11:52,36.5,47.1,,
2022/7/17 11:57,36.8,46.4,,
2022/7/17 12:02,36.7,46.7,,
2022/7/17 12:07,36.6,46.9,,
2022/7/17 12:12,36.6,47,,
2022/7/17 12:17,36.8,46.6,,
2022/7/17 12:22,36.6,47.2,,
2022/7/17 12:27,36.7,47.5,,
2022/7/17 12:32,36.6,47.6,,
2022/7/17 12:37,36.7,47.4,,
2022/7/17 12:42,36.8,47.1,,
2022/7/17 12:47,36.9,47,,
2022/7/17 12:52,36.9,46.9,,
2022/7/17 12:57,36.9,46.8,,
2022/7/17 13:02,37,46.9,,
2022/7/17 13:07,36.9,46.9,,
2022/7/17 13:12,36.8,47.3,,
2022/7/17 13:17,35.8,49.4,,
2022/7/17 13:22,35.5,48.7,,
2022/7/17 13:27,35.4,48.7,,
2022/7/17 13:32,35.4,47.8,,
2022/7/17 13:37,35.4,47.7,,
2022/7/17 13:42,35.5,46.5,,
2022/7/17 13:47,35.5,46.5,,
2022/7/17 13:52,35.7,46.1,,
2022/7/17 13:57,35.7,45.7,,
2022/7/17 14:02,35.6,45.8,,
2022/7/17 14:07,35.7,45.3,,
2022/7/17 14:12,35.5,45,,
2022/7/17 14:17,35.7,45.1,,
2022/7/17 14:22,35.6,45.9,,
2022/7/17 14:27,35.6,45.5,,
2022/7/17 14:32,35.6,44.7,,
2022/7/17 14:37,35.5,44,,
2022/7/17 14:42,35.4,44.6,,
2022/7/17 14:47,35.5,44.3,,
2022/7/17 14:52,35.6,44.7,,
2022/7/17 14:57,35.5,45.2,,
2022/7/17 15:02,35.7,45.7,,
2022/7/17 15:07,35.6,45.8,,
2022/7/17 15:12,35.7,46.7,,
2022/7/17 15:17,35.7,46.7,,
2022/7/17 15:22,35.6,47.6,,
2022/7/17 15:27,35.6,48,,
2022/7/17 15:32,35.7,48.5,,
2022/7/17 15:37,35.7,49,,
2022/7/17 15:42,35.7,49.1,,
2022/7/17 15:47,35.7,49.7,,
2022/7/17 15:52,35.7,50.2,,
2022/7/17 15:57,35.7,50.3,,
2022/7/17 16:02,35.6,50.5,,
2022/7/17 16:07,35.6,50.5,,
2022/7/17 16:12,35.6,51,,
2022/7/17 16:17,35.6,51.2,,
2022/7/17 16:22,35.5,51.5,,
2022/7/17 16:27,35.6,51.5,,
2022/7/17 16:32,35.5,51.5,,
2022/7/17 16:37,35.6,51.9,,
2022/7/17 16:42,35.6,52.1,,
2022/7/17 16:47,35.5,52.2,,
2022/7/17 16:52,35.6,52.4,,
2022/7/17 16:57,35.7,52.2,,
2022/7/17 17:02,35.7,52.7,,
2022/7/17 17:07,35.6,52.8,,
2022/7/17 17:12,35.6,53,,
2022/7/17 17:17,35.6,53,,
2022/7/17 17:22,35.5,53,,
2022/7/17 17:27,35.5,53,,
2022/7/17 17:32,35.4,53.5,,
2022/7/17 17:37,35.4,53.6,,
2022/7/17 17:42,35.4,53.6,,
2022/7/17 17:47,35.5,53.9,,
2022/7/17 17:52,35.2,52.9,,
2022/7/17 17:57,34.5,46.5,,
2022/7/17 18:02,34.4,43.2,,
2022/7/17 18:07,34.2,41.6,,
2022/7/17 18:12,34,41.3,,
2022/7/17 18:17,34,41.3,,
2022/7/17 18:22,34.1,41.8,,
2022/7/17 18:27,34.2,43.3,,
2022/7/17 18:32,34,43.3,,
2022/7/17 18:37,34.1,44.5,,
2022/7/17 18:42,34,44.5,,
2022/7/17 18:47,34,44.2,,
2022/7/17 18:52,34.1,44.5,,
2022/7/17 18:57,34.2,44.3,,
2022/7/17 19:02,34.1,44.3,,
2022/7/17 19:07,34.1,44.6,,
2022/7/17 19:12,34,44.6,,
2022/7/17 19:17,34,44.9,,
2022/7/17 19:22,34.1,45.4,,
2022/7/17 19:27,34.1,45.4,,
2022/7/17 19:32,34.1,45.4,,
2022/7/17 19:37,34.1,45.7,,
2022/7/17 19:42,34,45.6,,
2022/7/17 19:47,34,44.6,,
2022/7/17 19:52,33.9,44.9,,
2022/7/17 19:57,34,45.2,,
2022/7/17 20:02,33.9,45.4,,
2022/7/17 20:07,33.9,45.1,,
2022/7/17 20:12,33.9,45,,
2022/7/17 20:17,33.9,45.4,,
2022/7/17 20:22,33.9,45.5,,
2022/7/17 20:27,33.8,45.9,,
2022/7/17 20:32,33.9,45.5,,
2022/7/17 20:37,33.9,45.6,,
2022/7/17 20:42,33.9,45.7,,
2022/7/17 20:47,33.8,45.1,,
2022/7/17 20:52,33.7,45.7,,
2022/7/17 20:57,33.7,44.6,,
2022/7/17 21:02,33.9,45.2,,
2022/7/17 21:07,33.9,44.4,,
2022/7/17 21:12,33.8,45.1,,
2022/7/17 21:17,33.9,46,,
2022/7/17 21:22,33.8,45.4,,
2022/7/17 21:27,33.8,44.7,,
2022/7/17 21:32,33.8,45.3,,
2022/7/17 21:37,33.7,45.1,,
2022/7/17 21:42,33.7,45.2,,
2022/7/17 21:47,33.7,44.6,,
2022/7/17 21:52,33.6,44.4,,
2022/7/17 21:57,33.5,44.6,,
2022/7/17 22:02,33.6,45.1,,
2022/7/17 22:07,33.5,45.1,,
2022/7/17 22:12,33.5,44.2,,
2022/7/17 22:17,33.6,44.3,,
2022/7/17 22:22,33.6,44.6,,
2022/7/17 22:27,33.6,44.8,,
2022/7/17 22:32,33.5,44.7,,
2022/7/17 22:37,33.5,45.4,,
2022/7/17 22:42,33.5,45.4,,
2022/7/17 22:47,33.5,44.8,,
2022/7/17 22:52,33.6,44.9,,
2022/7/17 22:57,33.5,45.8,,
2022/7/17 23:02,33.5,45.4,,
2022/7/17 23:07,33.5,45.4,,
2022/7/17 23:12,33.5,45.4,,
2022/7/18 19:07,33.9,51.7,,
2022/7/18 19:12,33.8,51.4,,
2022/7/18 19:17,33.9,50.9,,
2022/7/18 19:22,33.8,51.1,,
2022/7/18 19:27,33.8,50,,
2022/7/18 19:32,33.7,50.7,,
2022/7/18 19:37,33.8,49.8,,
2022/7/18 19:42,33.8,49.8,,
2022/7/18 19:47,33.7,49.5,,
2022/7/18 19:52,33.7,49.4,,
2022/7/18 19:57,33.8,50.2,,
2022/7/18 20:02,33.7,48.7,,
2022/7/18 20:07,33.7,48.1,,
2022/7/18 20:12,33.7,49,,
2022/7/18 20:17,33.8,48.3,,
2022/7/18 20:22,33.8,47.7,,
2022/7/18 20:27,33.9,47.5,,
2022/7/18 20:32,33.8,48.2,,
2022/7/18 20:37,33.8,47.3,,
2022/7/18 20:42,33.8,48.1,,
2022/7/18 20:47,33.9,47.5,,
2022/7/18 20:52,33.8,48,,
2022/7/18 20:57,33.9,47.5,,
2022/7/18 21:02,33.8,47.1,,
2022/7/18 21:07,34,47.6,,
2022/7/18 21:12,33.8,47,,
2022/7/18 21:17,33.8,47.5,,
2022/7/18 21:22,33.9,47.8,,
2022/7/18 21:27,33.8,45.7,,
2022/7/18 21:32,33.7,46.6,,
2022/7/18 21:37,33.7,45.5,,
2022/7/18 21:42,33.7,45.9,,
2022/7/18 21:47,33.7,46.2,,
2022/7/18 21:52,33.7,45.2,,
2022/7/18 21:57,33.7,45.6,,
2022/7/18 22:02,33.6,46.1,,
2022/7/18 22:07,33.7,45,,
2022/7/18 22:12,33.6,45.7,,
2022/7/18 22:17,33.7,44.8,,
2022/7/18 22:22,33.6,45.9,,
2022/7/18 22:27,33.6,44.6,,
2022/7/18 22:32,33.7,45.6,,
2022/7/18 22:37,33.7,46.7,,
2022/7/18 22:42,33.7,45.2,,
2022/7/18 22:47,33.7,45.2,,
2022/7/18 22:52,33.7,44.9,,
2022/7/18 22:57,33.7,46.1,,
2022/7/18 23:02,33.8,46.4,,
2022/7/18 23:07,33.7,45.1,,
2022/7/18 23:12,33.7,45.8,,
2022/7/18 23:17,33.7,46.1,,
2022/7/18 23:22,33.7,46.6,,
2022/7/18 23:27,33.7,46.3,,
2022/7/18 23:32,33.7,47,,
2022/7/18 23:37,33.7,47,,
2022/7/18 23:42,33.7,46.5,,
2022/7/18 23:47,33.7,45.8,,
2022/7/18 23:52,33.7,46,,
2022/7/18 23:57,33.7,45.5,,
2022/7/19 0:02,33.7,46.9,,
2022/7/19 0:07,33.6,45,,
2022/7/19 0:12,33.6,46.6,,
2022/7/19 0:17,33.6,46.4,,
2022/7/19 0:22,33.7,46.4,,
2022/7/19 0:27,33.6,46.9,,
2022/7/19 0:32,33.6,46.4,,
2022/7/19 0:37,33.7,47.2,,
2022/7/19 0:42,33.6,46.5,,
2022/7/19 0:47,33.7,46.7,,
2022/7/19 0:52,33.6,46.4,,
2022/7/19 0:57,33.7,46.7,,
2022/7/19 1:02,33.6,46.1,,
2022/7/19 1:07,33.7,46.4,,
2022/7/19 1:12,33.7,47.7,,
2022/7/19 1:17,33.7,47,,
2022/7/19 1:22,33.6,48,,
2022/7/19 1:27,33.6,46.9,,
2022/7/19 1:32,33.7,47.6,,
2022/7/19 1:37,33.7,46.3,,
2022/7/19 1:42,33.6,46.8,,
2022/7/19 1:47,33.6,47.8,,
2022/7/19 1:52,33.6,47.1,,
2022/7/19 1:57,33.5,47,,
2022/7/19 2:02,33.5,47.3,,
2022/7/19 2:07,33.4,48.6,,
2022/7/19 2:12,33.5,47,,
2022/7/19 2:17,33.4,46.3,,
2022/7/19 2:22,33.4,45.7,,
2022/7/19 2:27,33.5,47.2,,
2022/7/19 2:32,33.5,47.9,,
2022/7/19 2:37,33.5,45.9,,
2022/7/19 2:42,33.5,46.3,,
2022/7/19 2:47,33.4,45.1,,
2022/7/19 2:52,33.4,45,,
2022/7/19 2:57,33.5,46.4,,
2022/7/19 3:02,33.6,46.1,,
2022/7/19 3:07,33.4,46.5,,
2022/7/19 3:12,33.5,45.7,,
2022/7/19 3:17,33.5,47.4,,
2022/7/19 3:22,33.4,48.1,,
2022/7/19 3:27,33.4,48.1,,
2022/7/19 3:32,33.3,46.8,,
2022/7/19 3:37,33.4,48.5,,
2022/7/19 3:42,33.4,46.7,,
2022/7/19 3:47,33.3,47.1,,
2022/7/19 3:52,33.3,46.3,,
2022/7/19 3:57,33.3,47.9,,
2022/7/19 4:02,33.4,47.4,,
2022/7/19 4:07,33.3,47.8,,
2022/7/19 4:12,33.3,46.9,,
2022/7/19 4:17,33.4,47.1,,
2022/7/19 4:22,33.3,47.8,,
2022/7/19 4:27,33.3,47.8,,
2022/7/19 4:32,33.3,47.3,,
2022/7/19 4:37,33.3,46.3,,
2022/7/19 4:42,33.2,46.5,,
2022/7/19 4:47,33.3,47.7,,
2022/7/19 4:52,33.3,46.9,,
2022/7/19 4:57,33.3,46.8,,
2022/7/19 5:02,33.3,47.2,,
2022/7/19 5:07,33.3,48.2,,
2022/7/19 5:12,33.3,47.8,,
2022/7/19 5:17,33.4,47.1,,
2022/7/19 5:22,33.2,47.9,,
2022/7/19 5:27,33.3,47.1,,
2022/7/19 5:32,33.3,48.2,,
2022/7/19 5:37,33.2,48.7,,
2022/7/19 5:42,33.2,48.9,,
2022/7/19 5:47,33.1,47.9,,
2022/7/19 5:52,33.3,47.3,,
2022/7/19 5:57,33.3,47.2,,
2022/7/19 6:02,33.3,47.5,,
2022/7/19 6:07,33.3,48.4,,
2022/7/19 6:12,33.3,47.9,,
2022/7/19 6:17,33.3,48.9,,
2022/7/19 6:22,33.3,48.8,,
2022/7/19 6:27,33.4,48.2,,
2022/7/19 6:32,33.4,48.9,,
2022/7/19 6:37,33.3,47.6,,
2022/7/19 6:42,33.4,50.6,,
2022/7/19 6:47,33.3,48.8,,
2022/7/19 6:52,33.4,47.4,,
2022/7/19 6:57,33.4,48.1,,
2022/7/19 7:02,33.3,49,,
2022/7/19 7:07,33.4,48.5,,
2022/7/19 7:12,33.3,49,,
2022/7/19 7:17,33.4,49.8,,
2022/7/19 7:22,33.4,47.9,,
2022/7/19 7:27,33.4,50.1,,
2022/7/19 7:32,33.4,48.5,,
2022/7/19 7:37,33.5,49.6,,
2022/7/19 7:42,33.4,50.5,,
2022/7/19 7:47,33.5,51.7,,
2022/7/19 7:52,33.6,52.3,,
2022/7/19 7:57,33.6,53,,
2022/7/19 8:02,33.6,51.3,,
2022/7/19 8:07,33.4,51.5,,
2022/7/19 8:12,33.6,50.1,,
2022/7/19 8:17,33.6,50.4,,
2022/7/19 8:22,33.5,49.4,,
2022/7/19 8:27,33.5,51,,
2022/7/19 8:32,33.6,52.2,,
2022/7/19 8:37,33.6,51.6,,
2022/7/19 8:42,33.8,52,,
2022/7/19 8:47,33.8,51.7,,
2022/7/19 8:52,33.8,52.6,,
2022/7/19 8:57,33.8,52.3,,
2022/7/19 9:02,33.7,52.4,,
2022/7/19 9:07,33.9,52.1,,
2022/7/19 9:12,33.9,52.6,,
2022/7/19 9:17,33.9,53,,
2022/7/19 9:22,33.9,53.2,,
2022/7/19 9:27,34,53.4,,
2022/7/19 9:32,34.1,53.3,,
2022/7/19 9:37,34.1,53.8,,
2022/7/19 9:42,34.1,53.7,,
2022/7/19 9:47,34.2,53.7,,
2022/7/19 9:52,34.1,53.8,,
2022/7/19 9:57,34.3,53.1,,
2022/7/19 10:02,34.4,53.1,,
2022/7/19 10:07,34.3,53.2,,
2022/7/19 10:12,34.4,53.3,,
2022/7/19 10:17,34.4,52.9,,
2022/7/19 10:22,34.4,53.6,,
2022/7/19 10:27,34.4,53.1,,
2022/7/19 10:32,34.6,52.6,,
2022/7/19 10:37,34.6,53,,
2022/7/19 10:42,34.7,53.9,,
2022/7/19 10:47,34.8,52.9,,
2022/7/19 10:52,34.7,53.3,,
2022/7/19 10:57,34.8,54.7,,
2022/7/19 11:02,35,55.1,,
2022/7/19 11:07,35,53.4,,
2022/7/19 11:12,34.7,53.9,,
2022/7/19 11:17,34.9,54.9,,
2022/7/19 11:22,34.8,54.3,,
2022/7/19 11:27,34.8,54.4,,
2022/7/19 11:32,35,54.3,,
2022/7/19 11:37,34.9,54.7,,
2022/7/19 11:42,35,55.4,,
2022/7/19 11:47,34.9,55.5,,
2022/7/19 11:52,35,54.9,,
2022/7/19 11:57,34.7,55.1,,
2022/7/19 12:02,34.8,55.1,,
2022/7/19 12:07,34.5,55.5,,
2022/7/19 12:12,34.5,54.6,,
2022/7/19 12:17,34.2,54.6,,
2022/7/19 12:22,34.2,53.2,,
2022/7/19 12:27,34.2,52.6,,
2022/7/19 12:32,34.3,52,,
2022/7/19 12:37,34.2,50.4,,
2022/7/19 12:42,34.2,51.2,,
2022/7/19 12:47,34.3,50.9,,
2022/7/19 12:52,34.3,50.4,,
2022/7/19 12:57,34.3,50.2,,
2022/7/19 13:02,34.4,50.1,,
2022/7/19 13:07,34.3,49.7,,
2022/7/19 13:12,34.3,49.9,,
2022/7/19 13:17,34.3,50.9,,
2022/7/19 13:22,34.3,50.8,,
2022/7/19 13:27,34.3,49.9,,
2022/7/19 13:32,34.2,51.3,,
2022/7/19 13:37,34.1,50.1,,
2022/7/19 13:42,34.1,49.7,,
2022/7/19 13:47,34,48.3,,
2022/7/19 13:52,34,48.4,,
2022/7/19 13:57,33.9,48.3,,
2022/7/19 14:02,33.9,47.7,,
2022/7/19 14:07,33.8,47.3,,
2022/7/19 14:12,33.8,45.9,,
2022/7/19 14:17,33.8,45.1,,
2022/7/19 14:22,33.8,45.6,,
2022/7/19 14:27,33.8,45.1,,
2022/7/19 14:32,33.8,46.4,,
2022/7/19 14:37,34,46,,
2022/7/19 14:42,33.8,46.2,,
2022/7/19 14:47,33.8,46,,
2022/7/19 14:52,33.7,46.7,,
2022/7/19 14:57,33.8,46.9,,
2022/7/19 15:02,33.8,45.5,,
2022/7/19 15:07,33.6,45.9,,
2022/7/19 15:12,33.7,45.7,,
2022/7/19 15:17,33.7,45.9,,
2022/7/19 15:22,33.7,46.3,,
2022/7/19 15:27,33.8,47.1,,
2022/7/19 15:32,33.8,46.5,,
2022/7/19 15:37,33.8,47.7,,
2022/7/19 15:42,33.8,48.3,,
2022/7/19 15:47,33.9,48.8,,
2022/7/19 15:52,33.9,49.1,,
2022/7/19 15:57,33.9,49.8,,
2022/7/19 16:02,34,49.7,,
2022/7/19 16:07,33.9,49.6,,
2022/7/19 16:12,33.9,50.7,,
2022/7/19 16:17,34,50.6,,
2022/7/19 16:22,33.8,50.3,,
2022/7/19 16:27,33.8,49.8,,
2022/7/19 16:32,33.8,51.4,,
2022/7/19 16:37,33.7,49.6,,
2022/7/19 16:42,33.8,50.5,,
2022/7/19 16:47,33.8,50.1,,
2022/7/19 16:52,33.8,50.6,,
2022/7/19 16:57,33.8,51.7,,
2022/7/19 17:02,33.8,51.3,,
2022/7/19 17:07,33.7,51.9,,
2022/7/19 17:12,33.8,50.8,,
2022/7/19 17:17,33.7,50.6,,
2022/7/19 17:22,33.7,50.7,,
2022/7/19 17:27,33.7,49.5,,
2022/7/19 17:32,33.8,50.3,,
2022/7/19 17:37,33.7,50,,
2022/7/19 17:42,33.8,51.5,,
2022/7/19 17:47,33.8,50.6,,
2022/7/19 17:52,33.8,50.3,,
2022/7/19 17:57,33.8,50.6,,
2022/7/19 18:02,33.8,50,,
2022/7/19 18:07,33.7,49.9,,
2022/7/19 18:12,33.6,49.7,,
2022/7/19 18:17,33.6,48.7,,
2022/7/19 18:22,33.7,47.8,,
2022/7/19 18:27,33.8,48.4,,
2022/7/19 18:32,33.9,48.6,,
2022/7/19 18:37,33.7,48.7,,
2022/7/19 18:42,33.7,50.1,,
2022/7/19 18:47,33.8,49.4,,
2022/7/19 18:52,33.8,50.3,,
2022/7/19 18:57,33.9,49.9,,
2022/7/19 19:02,33.7,51.1,,
2022/7/19 19:07,33.7,52.3,,
2022/7/19 19:12,33.8,52,,
2022/7/19 19:17,33.7,52.1,,
2022/7/19 19:22,33.8,52.4,,
2022/7/19 19:27,33.7,53.3,,
2022/7/19 19:32,33.7,52.5,,
2022/7/19 19:37,33.7,51.6,,
2022/7/19 19:42,33.7,51.5,,
2022/7/19 19:47,33.7,52.2,,
2022/7/19 19:52,33.6,51.6,,
2022/7/19 19:57,33.7,52.2,,
2022/7/19 20:02,33.7,52.4,,
2022/7/19 20:07,33.7,52.3,,
2022/7/19 20:12,33.7,52.8,,
2022/7/19 20:17,33.9,52.8,,
2022/7/19 20:22,33.7,52.9,,
2022/7/19 20:27,33.8,52.8,,
2022/7/19 20:32,33.7,53.1,,
2022/7/19 20:37,33.7,51.7,,
2022/7/19 20:42,33.7,51.1,,
2022/7/19 20:47,33.7,51.5,,
2022/7/19 20:52,33.6,52.2,,
2022/7/19 20:57,33.8,51.7,,
2022/7/19 21:02,33.8,52.3,,
2022/7/19 21:07,33.7,52,,
2022/7/19 21:12,33.7,51.5,,
2022/7/19 21:17,33.8,52,,
2022/7/19 21:22,33.7,52.3,,
2022/7/19 21:27,33.8,52.1,,
2022/7/19 21:32,33.7,52.4,,
2022/7/19 21:37,33.6,52.5,,
2022/7/19 21:42,33.6,52,,
2022/7/19 21:47,33.6,51.7,,
2022/7/19 21:52,33.7,51.7,,
2022/7/19 21:57,33.7,51.6,,
2022/7/19 22:02,33.7,51.3,,
2022/7/19 22:07,33.7,51.3,,
2022/7/19 22:12,33.7,52.4,,
2022/7/19 22:17,33.7,52.2,,
2022/7/19 22:22,33.7,51.7,,
2022/7/19 22:27,33.6,51.4,,
2022/7/19 22:32,33.6,52.8,,
2022/7/19 22:37,33.7,52.1,,
2022/7/19 22:42,33.6,51.4,,
2022/7/19 22:47,33.6,51.3,,
2022/7/20 10:09,34.6,57.8,,
2022/7/20 10:14,34.4,57.9,,
2022/7/20 10:19,34.6,58.3,,
2022/7/20 10:24,34.8,57.7,,
2022/7/20 10:29,34.8,57.3,,
2022/7/20 10:34,34.8,57.4,,
2022/7/20 10:39,34.7,57.4,,
2022/7/20 10:44,35,56.9,,
2022/7/20 10:49,35.2,56.4,,
2022/7/20 10:54,35.2,56.1,,
2022/7/20 10:59,35.3,56.1,,
2022/7/20 11:04,35.3,55.7,,
2022/7/20 11:09,35.2,55.6,,
2022/7/20 11:14,35.1,56.1,,
2022/7/20 11:19,35.4,55.5,,
2022/7/20 11:24,35.4,55.4,,
2022/7/20 11:29,35.3,55.2,,
2022/7/20 11:34,35.5,55.1,,
2022/7/20 11:39,35.6,54.6,,
2022/7/20 11:44,35.7,54.4,,
2022/7/20 11:49,35.4,54.8,,
2022/7/20 11:54,35.4,54.9,,
2022/7/20 11:59,35.7,53.6,,
2022/7/20 12:04,35.8,52.7,,
2022/7/20 12:09,35.5,53.3,,
2022/7/20 12:14,35.5,53.5,,
2022/7/20 12:19,35.6,51,,
2022/7/20 12:24,35.7,49.7,,
2022/7/20 12:29,35.8,49.3,,
2022/7/20 12:34,35.5,49.9,,
2022/7/20 12:39,35.4,51.9,,
2022/7/20 12:44,35,52.2,,
2022/7/20 12:49,35.3,51.4,,
2022/7/20 12:54,35.5,49.4,,
2022/7/20 12:59,35.5,50.5,,
2022/7/20 13:04,35.2,51.6,,
2022/7/20 13:09,35.5,48.9,,
2022/7/20 13:14,35.6,49.5,,
2022/7/20 13:19,35.7,47.8,,
2022/7/20 13:24,35.8,48.5,,
2022/7/20 13:29,35.5,47.8,,
2022/7/20 13:34,35.8,47,,
2022/7/20 13:39,35.4,48.9,,
2022/7/20 13:44,35.6,47.6,,
2022/7/20 13:49,35.8,47.1,,
2022/7/20 13:54,36,47.7,,
2022/7/20 13:59,35.9,47.6,,
2022/7/20 14:04,35.8,48.8,,
2022/7/20 14:09,35.8,49.2,,
2022/7/20 14:14,35.8,49.5,,
2022/7/20 14:19,35.8,49,,
2022/7/20 14:24,35.8,50.4,,
2022/7/20 14:29,35.9,50.2,,
2022/7/20 14:34,35.8,50.4,,
2022/7/20 14:39,35.9,50.5,,
2022/7/20 14:44,35.9,51,,
2022/7/20 14:49,35.7,51.2,,
2022/7/20 14:54,35.4,51.6,,
2022/7/20 14:59,35.5,51.6,,
2022/7/20 15:04,35.6,51.3,,
2022/7/20 15:09,35.7,51.7,,
2022/7/20 15:14,35.7,51.4,,
2022/7/20 15:19,35.7,51.5,,
2022/7/20 15:24,35.9,51.5,,
2022/7/20 15:29,36,51.3,,
2022/7/20 15:34,36,51.2,,
2022/7/20 15:39,36.2,50.4,,
2022/7/20 15:44,35.9,50.3,,
2022/7/20 15:49,36.1,50.1,,
2022/7/20 15:54,36,50.4,,
2022/7/20 15:59,36.2,50.7,,
2022/7/20 16:04,36.1,51.2,,
2022/7/20 16:09,36.1,51.6,,
2022/7/20 16:14,36,51.9,,
2022/7/20 16:19,35.9,52.1,,
2022/7/20 16:24,36.1,51.9,,
2022/7/20 16:29,36.1,52,,
2022/7/20 16:34,36.1,51.9,,
2022/7/20 16:39,36.1,52,,
2022/7/20 16:44,35.9,52.2,,
2022/7/20 16:49,36,50.3,,
2022/7/20 16:54,36.2,49.5,,
2022/7/20 16:59,35.9,48.9,,
2022/7/20 17:04,35.9,47.8,,
2022/7/20 17:09,35.9,45.8,,
2022/7/20 17:14,36.1,46.1,,
2022/7/20 17:19,36,47.3,,
2022/7/20 17:24,35.9,48.7,,
2022/7/20 17:29,36,50.2,,
2022/7/20 17:34,36,51.6,,
2022/7/20 17:39,35.9,51.7,,
2022/7/20 17:44,35.8,52,,
2022/7/20 17:49,35.8,54.2,,
2022/7/20 17:54,35.8,54.3,,
2022/7/20 17:59,35.8,55.3,,
2022/7/20 18:04,35.7,54.6,,
2022/7/20 18:09,35.5,55.1,,
2022/7/20 18:14,35.5,55.4,,
2022/7/20 18:19,35.5,56.2,,
2022/7/20 18:24,35.5,56.5,,
2022/7/20 18:29,35.5,56.4,,
2022/7/20 18:34,35.5,56.4,,
2022/7/20 18:39,35.5,56.3,,
2022/7/20 18:44,35.5,56.5,,
2022/7/20 18:49,35.4,57,,
2022/7/20 18:54,35.5,57.2,,
2022/7/20 18:59,35.4,57.4,,
2022/7/20 19:04,35.5,57,,
2022/7/20 19:09,35.4,57.2,,
2022/7/20 19:14,35.4,57.2,,
2022/7/20 19:19,35.3,57.4,,
2022/7/20 19:24,35.3,57.4,,
2022/7/20 19:29,35.3,57.4,,
2022/7/20 19:34,35.3,57.3,,
2022/7/20 19:39,35.2,57.6,,
2022/7/20 19:44,35.2,57.7,,
2022/7/20 19:49,35.3,57.8,,
2022/7/20 19:54,35.3,57.8,,
2022/7/20 19:59,35.1,58.1,,
2022/7/20 20:04,35.1,58.5,,
2022/7/20 20:09,34.9,58.7,,
2022/7/20 20:14,34.9,58.9,,
2022/7/20 20:19,34.9,58.9,,
2022/7/20 20:24,35,58.7,,
2022/7/20 20:29,34.9,58.9,,
2022/7/20 20:34,34.8,59.1,,
2022/7/20 20:39,34.8,59.4,,
2022/7/20 20:44,34.8,59.4,,
2022/7/20 20:49,34.9,59.3,,
2022/7/20 20:54,34.8,59.5,,
2022/7/20 20:59,34.9,59.2,,
2022/7/20 21:04,34.9,59.3,,
2022/7/20 21:09,34.9,59.2,,
2022/7/20 21:14,34.9,59.3,,
2022/7/20 21:19,34.6,59.6,,
2022/7/20 21:24,34.6,59.6,,
2022/7/20 21:29,34.6,59.7,,
2022/7/20 21:34,34.6,59.7,,
2022/7/20 21:39,34.5,59.9,,
2022/7/20 21:44,34.5,60.1,,
2022/7/20 21:49,34.5,59.8,,
2022/7/20 21:54,34.6,59.8,,
2022/7/20 21:59,34.5,59.9,,
2022/7/20 22:04,34.5,60.2,,
2022/7/20 22:09,34.4,60,,
2022/7/20 22:14,34.4,59.8,,
2022/7/20 22:19,34.4,59.7,,
2022/7/20 22:24,34.5,59.8,,
2022/7/20 22:29,34.4,60,,
2022/7/20 22:34,34.3,60.1,,
2022/7/20 22:39,34.4,60.1,,
2022/7/20 22:44,34.4,60,,
2022/7/20 22:49,34.4,60.1,,
2022/7/20 22:54,34.3,60.5,,
2022/7/20 22:59,34.4,60.4,,
2022/7/20 23:04,34.3,60.4,,
2022/7/20 23:09,34.2,60,,
2022/7/20 23:14,34.2,60.2,,
2022/7/20 23:19,34.2,60.1,,
2022/7/20 23:24,34.3,60.2,,
2022/7/20 23:29,34.3,60.1,,
2022/7/20 23:34,34.3,59.7,,
2022/7/20 23:39,34.3,59.8,,
2022/7/20 23:44,34.3,60.2,,
2022/7/20 23:49,34.2,60.1,,
2022/7/20 23:54,34.2,60.1,,
2022/7/20 23:59,34.3,60,,
2022/7/21 0:04,34.2,60,,
2022/7/21 0:09,34.1,60.1,,
2022/7/21 0:14,34.2,59.7,,
2022/7/21 0:19,34.2,59.6,,
2022/7/21 0:24,34.2,59.7,,
2022/7/21 0:29,34.3,59.8,,
2022/7/21 0:34,34.2,59.6,,
2022/7/21 0:39,34.2,59.2,,
2022/7/21 0:44,34.2,59.4,,
2022/7/21 0:49,34.1,59.2,,
2022/7/21 0:54,34.2,59.6,,
2022/7/21 0:59,34.1,59.1,,
2022/7/21 1:04,34.1,59,,
2022/7/21 1:09,34.2,58.9,,
2022/7/21 1:14,34.1,59,,
2022/7/21 1:19,34.1,58.6,,
2022/7/21 1:24,34.2,58.5,,
2022/7/21 1:29,34.1,58.9,,
2022/7/21 1:34,34.1,59.4,,
2022/7/21 1:39,34.1,59.2,,
2022/7/21 1:44,34.2,58.6,,
2022/7/21 1:49,34.1,59.1,,
2022/7/21 1:54,34.2,58.4,,
2022/7/21 1:59,34.1,58.2,,
2022/7/21 2:04,34.1,57.6,,
2022/7/21 2:09,34.1,56.9,,
2022/7/21 2:14,34.1,56.9,,
2022/7/21 2:19,34.1,56.9,,
2022/7/21 2:24,34.1,56.2,,
2022/7/21 2:29,34.1,56.2,,
2022/7/21 2:34,34,57.3,,
2022/7/21 2:39,34.1,56.1,,
2022/7/21 2:44,34,55.6,,
2022/7/21 2:49,33.9,55.6,,
2022/7/21 2:54,34,57.4,,
2022/7/21 2:59,34,57.3,,
2022/7/21 3:04,34,56,,
2022/7/21 3:09,34,57.2,,
2022/7/21 3:14,34.1,56.6,,
2022/7/21 3:19,34.1,55.9,,
2022/7/21 3:24,34,56.9,,
2022/7/21 3:29,34.1,57.6,,
2022/7/21 3:34,34,57.6,,
2022/7/21 3:39,34,57.4,,
2022/7/21 3:44,34.1,56.2,,
2022/7/21 3:49,34,56.5,,
2022/7/21 3:54,33.9,56.5,,
2022/7/21 3:59,34,56.2,,
2022/7/21 4:04,33.9,55.3,,
2022/7/21 4:09,33.9,56.1,,
2022/7/21 4:14,34,54,,
2022/7/21 4:19,33.9,53.7,,
2022/7/21 4:24,33.9,53.3,,
2022/7/21 4:29,34,53.5,,
2022/7/21 4:34,34,52.1,,
2022/7/21 4:39,33.9,52.6,,
2022/7/21 4:44,33.9,52.9,,
2022/7/21 4:49,33.9,52.5,,
2022/7/21 4:54,33.9,52.5,,
2022/7/21 4:59,33.9,51.7,,
2022/7/21 5:04,34,52.2,,
2022/7/21 5:09,33.9,51.5,,
2022/7/21 5:14,33.9,52.5,,
2022/7/21 5:19,34,52.2,,
2022/7/21 5:24,34,51.6,,
2022/7/21 5:29,33.9,51.7,,
2022/7/21 5:34,33.9,52.8,,
2022/7/21 5:39,34,52.8,,
2022/7/21 5:44,33.9,53.3,,
2022/7/21 5:49,33.9,52.1,,
2022/7/21 5:54,33.9,52.8,,
2022/7/21 5:59,33.8,52.9,,
2022/7/21 6:04,33.9,53.1,,
2022/7/21 6:09,34,53.9,,
2022/7/21 6:14,34,52.4,,
2022/7/21 6:19,33.8,54.1,,
2022/7/21 6:24,33.9,54,,
2022/7/21 6:29,33.9,54.6,,
2022/7/21 6:34,33.9,54.6,,
2022/7/21 6:39,34,55.2,,
2022/7/21 6:44,34,55.6,,
2022/7/21 6:49,34.1,55.7,,
2022/7/21 6:54,34,55.9,,
2022/7/21 6:59,34.1,55.6,,
2022/7/21 7:04,34.2,55.2,,
2022/7/21 7:09,34.3,55.9,,
2022/7/21 7:14,34.2,55.7,,
2022/7/21 7:19,34.3,55.9,,
2022/7/21 7:24,34.3,55.7,,
2022/7/21 7:29,34.3,55.7,,
2022/7/21 7:34,34.3,56,,
2022/7/21 7:39,34.3,55.8,,
2022/7/21 7:44,34.4,55.7,,
2022/7/21 7:49,34.4,55.7,,
2022/7/21 7:54,34.5,55.6,,
2022/7/21 7:59,34.4,55.5,,
2022/7/21 8:04,34.5,55.4,,
2022/7/21 8:09,34.7,55.3,,
2022/7/21 8:14,34.7,55.2,,
2022/7/21 8:19,34.7,54.9,,
2022/7/21 8:24,34.7,54.6,,
2022/7/21 8:29,34.8,54.5,,
2022/7/21 8:34,34.8,54,,
2022/7/21 8:39,34.8,53.6,,
2022/7/21 8:44,34.8,53.1,,
2022/7/21 8:49,34.8,52.3,,
2022/7/21 8:54,35,52,,
2022/7/21 8:59,35,51.6,,
2022/7/21 9:04,35.1,51.6,,
2022/7/21 9:09,35,51.9,,
2022/7/21 9:14,35,51.6,,
2022/7/21 9:19,35.1,51.1,,
2022/7/21 9:24,35.2,50.9,,
2022/7/21 9:29,35.3,50.8,,
2022/7/21 9:34,35.3,50.6,,
2022/7/21 9:39,35.3,50.8,,
2022/7/21 9:44,35.3,50.6,,
2022/7/21 9:49,35.3,50.5,,
2022/7/21 9:54,35.4,50.5,,
2022/7/21 9:59,35.3,50.6,,
2022/7/21 10:04,35.5,50.2,,
2022/7/21 10:09,35.4,50.1,,
2022/7/21 10:14,35.5,50.4,,
2022/7/21 10:19,35.7,49.8,,
2022/7/21 10:24,35.7,49.7,,
2022/7/21 10:29,35.8,49.5,,
2022/7/21 10:34,36,49.3,,
2022/7/21 10:39,35.9,49.5,,
2022/7/21 10:44,36,49.3,,
2022/7/21 10:49,35.9,49.2,,
2022/7/21 10:54,36,49.3,,
2022/7/21 10:59,35.8,49.1,,
2022/7/21 11:04,35.7,49.7,,
2022/7/21 11:09,35.4,49.7,,
2022/7/21 11:14,35.8,48.4,,
2022/7/21 11:19,36,47.2,,
2022/7/21 11:24,35.9,47.2,,
2022/7/21 11:29,36,47.5,,
2022/7/21 11:34,36.2,46,,
2022/7/21 11:39,36.3,45.7,,
2022/7/21 11:44,36.2,46,,
2022/7/21 11:49,36.2,45.9,,
2022/7/21 11:54,35.8,47.1,,
2022/7/21 11:59,36.1,45.6,,
2022/7/21 12:04,36.3,45.2,,
2022/7/21 12:09,36.2,45.4,,
2022/7/21 12:14,36.3,45.2,,
2022/7/21 12:19,36.2,45.3,,
2022/7/21 12:24,36.1,45.4,,
2022/7/21 12:29,36.3,45.4,,
2022/7/21 12:34,36.2,46,,
2022/7/21 12:39,36.3,46.1,,
2022/7/21 12:44,36.4,46.1,,
2022/7/21 12:49,36.2,46.4,,
2022/7/21 12:54,36.1,47.1,,
2022/7/21 12:59,36.1,46.8,,
2022/7/21 13:04,36.2,47.9,,
2022/7/21 13:09,36.4,47.9,,
2022/7/21 13:14,36.1,48.2,,
2022/7/21 13:19,35.9,49.7,,
2022/7/21 13:24,36.2,49.9,,
2022/7/21 13:29,36.2,50,,
2022/7/21 13:34,36.4,50.1,,
2022/7/21 13:39,36.4,50.5,,
2022/7/21 13:44,36.4,50.9,,
2022/7/21 13:49,36.5,51.1,,
2022/7/21 13:54,36.3,51.5,,
2022/7/21 13:59,36.1,52.4,,
2022/7/21 14:04,36.1,52.5,,
2022/7/21 14:09,36.1,52.4,,
2022/7/21 14:14,35.8,53.1,,
2022/7/21 14:19,35.9,52.8,,
2022/7/21 14:24,35.9,53.2,,
2022/7/21 14:29,35.6,53.2,,
2022/7/21 14:34,35.3,54.1,,
2022/7/21 14:39,35,53.9,,
2022/7/21 14:44,34.9,52.2,,
2022/7/21 14:49,34.7,50.8,,
2022/7/21 14:54,34.7,51.2,,
2022/7/21 14:59,34.6,48.4,,
2022/7/21 15:04,34.5,48.1,,
2022/7/21 15:09,34.5,47.7,,
2022/7/21 15:14,34.6,46.5,,
2022/7/21 15:19,34.5,47.1,,
2022/7/21 15:24,34.6,45.9,,
2022/7/21 15:29,34.5,45.6,,
2022/7/21 15:34,34.4,44.9,,
2022/7/21 15:39,34.3,44.8,,
2022/7/21 15:44,34.4,45.1,,
2022/7/21 15:49,34.4,45.8,,
2022/7/21 15:54,34.5,45,,
2022/7/21 15:59,34.3,44.9,,
2022/7/21 16:04,34,44,,
2022/7/21 16:09,34.1,43.5,,
2022/7/21 16:14,34.4,44.3,,
2022/7/21 16:19,34.3,43.6,,
2022/7/21 16:24,34.2,44.9,,
2022/7/21 16:29,34.3,45.2,,
2022/7/21 16:34,34.1,45.3,,
2022/7/21 16:39,34.1,45.6,,
2022/7/21 16:44,34.1,45.9,,
2022/7/21 16:49,34.1,45.8,,
2022/7/21 16:54,34.2,47.1,,
2022/7/21 16:59,34.2,47.1,,
2022/7/21 17:04,34.2,48.2,,
2022/7/21 17:09,34.3,47.6,,
2022/7/21 17:14,34.1,47.7,,
2022/7/21 17:19,34.2,48.2,,
2022/7/21 17:24,34.2,49.1,,
2022/7/21 17:29,34.2,47.2,,
2022/7/21 17:34,34.2,49.2,,
2022/7/21 17:39,34,48.2,,
2022/7/21 17:44,33.7,46,,
2022/7/21 17:49,33.7,46.5,,
2022/7/21 17:54,33.6,44.6,,
2022/7/21 17:59,33.6,44.7,,
2022/7/21 18:04,33.6,45.7,,
2022/7/21 18:09,33.5,44.3,,
2022/7/21 18:14,33.4,44.4,,
2022/7/21 18:19,33.4,45.1,,
2022/7/21 18:24,33.1,45.7,,
2022/7/21 18:29,33.1,46.7,,
2022/7/21 18:34,33.2,47.3,,
2022/7/21 18:39,33.1,47.8,,
2022/7/21 18:44,33,47.6,,
2022/7/21 18:49,32.9,47.5,,
2022/7/21 18:54,32.8,48.3,,
2022/7/21 18:59,32.7,49.1,,
2022/7/21 19:04,32.8,50,,
2022/7/21 19:09,32.8,50.8,,
2022/7/21 19:14,32.7,51.9,,
2022/7/21 19:19,32.7,52.5,,
2022/7/21 19:24,32.9,53.1,,
2022/7/21 19:29,33,53.2,,
2022/7/21 19:34,32.9,53.2,,
2022/7/21 19:39,33,53.2,,
2022/7/21 19:44,33,53.2,,
2022/7/21 19:49,32.9,52.9,,
2022/7/21 19:54,32.9,52.5,,
2022/7/21 19:59,32.9,52.8,,
2022/7/21 20:04,33,52.3,,
2022/7/21 20:09,32.9,52.2,,
2022/7/21 20:14,32.9,51.9,,
2022/7/21 20:19,32.9,51.9,,
2022/7/21 20:24,32.9,51.3,,
2022/7/21 20:29,33,51,,
2022/7/21 20:34,33,50.6,,
2022/7/21 20:39,32.9,50,,
2022/7/21 20:44,32.9,49.6,,
2022/7/21 20:49,32.9,49.4,,
2022/7/21 20:54,32.9,49.4,,
2022/7/21 20:59,32.9,50,,
2022/7/21 21:04,33,49,,
2022/7/21 21:09,32.9,49.4,,
2022/7/21 21:14,33,49.3,,
2022/7/21 21:19,32.9,49.1,,
2022/7/21 21:24,32.9,48.6,,
2022/7/21 21:29,33,48.7,,
2022/7/21 21:34,32.9,48.7,,
2022/7/21 21:39,32.9,48.3,,
2022/7/21 21:44,33.1,47.6,,
2022/7/21 21:49,32.9,48.3,,
2022/7/21 21:54,33,47.8,,
2022/7/21 21:59,32.8,48.3,,
2022/7/21 22:04,32.9,47.5,,
2022/7/21 22:09,33,47.4,,
2022/7/21 22:14,33,47.2,,
2022/7/21 22:19,32.8,48.9,,
2022/7/21 22:24,32.8,47.9,,
2022/7/21 22:29,32.8,48,,
2022/7/21 22:34,32.8,48.1,,
2022/7/21 22:39,32.8,47.2,,
2022/7/21 22:44,32.9,48.3,,
2022/7/22 11:04,35,55.6,,
2022/7/22 11:09,35,55.8,,
2022/7/22 11:14,34.9,55.7,,
2022/7/22 11:19,35.1,55.4,,
2022/7/22 11:24,35,55.5,,
2022/7/22 11:29,35,55.4,,
2022/7/22 11:34,34.9,55.5,,
2022/7/22 11:39,34.9,55.5,,
2022/7/22 11:44,34.9,55.5,,
2022/7/22 11:49,35,55.3,,
2022/7/22 11:54,35.1,55.1,,
2022/7/22 11:59,35.3,54.9,,
2022/7/22 12:04,35.2,55.1,,
2022/7/22 12:09,35.2,55.2,,
2022/7/22 12:14,35.3,54.7,,
2022/7/22 12:19,35.4,54.7,,
2022/7/22 12:24,35.4,54.9,,
2022/7/22 12:29,35.2,55.1,,
2022/7/22 12:34,35.4,54.8,,
2022/7/22 12:39,35.2,54.9,,
2022/7/22 12:44,35.4,54.8,,
2022/7/22 12:49,35.5,54.7,,
2022/7/22 12:54,35.4,54.8,,
2022/7/22 12:59,35.4,55.4,,
2022/7/22 13:04,35.2,55.4,,
2022/7/22 13:09,35.2,55.2,,
2022/7/22 13:14,35.3,55.3,,
2022/7/22 13:19,35.1,55.6,,
2022/7/22 13:24,35.3,55.4,,
2022/7/22 13:29,35.1,55.2,,
2022/7/22 13:34,35,55.6,,
2022/7/22 13:39,34.9,55.9,,
2022/7/22 13:44,35.1,56,,
2022/7/22 13:49,35.1,55.9,,
2022/7/22 13:54,35.3,55.7,,
2022/7/22 13:59,35,56.2,,
2022/7/22 14:04,35,56.2,,
2022/7/22 14:09,35,56.1,,
2022/7/22 14:14,35,56.3,,
2022/7/22 14:19,35.1,56,,
2022/7/22 14:24,35.1,55.9,,
2022/7/22 14:29,35.3,56,,
2022/7/22 14:34,35.3,56,,
2022/7/22 14:39,35.4,56.1,,
2022/7/22 14:44,35.4,56.1,,
2022/7/22 14:49,35.5,56.1,,
2022/7/22 14:54,35.2,56.4,,
2022/7/22 14:59,35.2,56.4,,
2022/7/22 15:04,35.3,56.3,,
2022/7/22 15:09,35.2,56.1,,
2022/7/22 15:14,35.3,55.8,,
2022/7/22 15:19,35.4,55.6,,
2022/7/22 15:24,35.2,56.1,,
2022/7/22 15:29,35.3,56,,
2022/7/22 15:34,35.2,55.7,,
2022/7/22 15:39,35.2,55.7,,
2022/7/22 15:44,35.3,55.4,,
2022/7/22 15:49,35.3,55.1,,
2022/7/22 15:54,35.4,55.1,,
2022/7/22 15:59,35.3,55.2,,
2022/7/22 16:04,35.2,55.3,,
2022/7/22 16:09,35.1,56,,
2022/7/22 16:14,34.9,56.6,,
2022/7/22 16:19,34.8,56.9,,
2022/7/22 16:24,34.9,57.1,,
2022/7/22 16:29,34.8,57.1,,
2022/7/22 16:34,34.7,57.3,,
2022/7/22 16:39,34.6,57.5,,
2022/7/22 16:44,34.7,57.7,,
2022/7/22 16:49,34.7,57.6,,
2022/7/22 16:54,34.7,57.6,,
2022/7/22 16:59,34.6,57.7,,
2022/7/22 17:04,34.4,57.9,,
2022/7/22 17:09,34.5,57.4,,
2022/7/22 17:14,34.5,57.1,,
2022/7/22 17:19,34.3,57.2,,
2022/7/22 17:24,34.2,56.5,,
2022/7/22 17:29,34.2,55.6,,
2022/7/22 17:34,34,54.3,,
2022/7/22 17:39,34.1,53.8,,
2022/7/22 17:44,34.2,53,,
2022/7/22 17:49,34.2,50.8,,
2022/7/22 17:54,33.9,49.8,,
2022/7/22 17:59,33.4,45.5,,
2022/7/22 18:04,33.6,46.2,,
2022/7/22 18:09,33.5,43.8,,
2022/7/22 18:14,33.5,44.7,,
2022/7/22 18:19,33.6,44.5,,
2022/7/22 18:24,33.5,44.6,,
2022/7/22 18:29,33.3,44.8,,
2022/7/22 18:34,33.3,44.7,,
2022/7/22 18:39,33.3,44.7,,
2022/7/22 18:44,33.3,45,,
2022/7/22 18:49,33.4,45.2,,
2022/7/22 18:54,33.4,47.5,,
2022/7/22 18:59,33.3,48,,
2022/7/22 19:04,33.4,48.5,,
2022/7/22 19:09,33.5,48.4,,
2022/7/22 19:14,33.5,50.1,,
2022/7/22 19:19,33.5,50.6,,
2022/7/22 19:24,33.5,52.2,,
2022/7/22 19:29,33.5,52.4,,
2022/7/22 19:34,33.6,54,,
2022/7/22 19:39,33.5,53.8,,
2022/7/22 19:44,33.6,53.1,,
2022/7/22 19:49,33.6,53.5,,
2022/7/22 19:54,33.5,55,,
2022/7/22 19:59,33.6,53.5,,
2022/7/22 20:04,33.5,54.3,,
2022/7/22 20:09,33.4,53.2,,
2022/7/22 20:14,33.5,55.1,,
2022/7/22 20:19,33.4,54.4,,
2022/7/22 20:24,33.4,54.1,,
2022/7/22 20:29,33.4,54.3,,
2022/7/22 20:34,33.5,54.5,,
2022/7/22 20:39,33.4,54.9,,
2022/7/22 20:44,33.5,54.4,,
2022/7/22 20:49,33.5,53.7,,
2022/7/22 20:54,33.5,54,,
2022/7/22 20:59,33.5,55.2,,
2022/7/22 21:04,33.6,54.1,,
2022/7/22 21:09,33.5,54.6,,
2022/7/22 21:14,33.4,54.7,,
2022/7/22 21:19,33.4,53.9,,
2022/7/22 21:24,33.3,54.1,,
2022/7/22 21:29,33.4,54.1,,
2022/7/22 21:34,33.3,54.3,,
2022/7/22 21:39,33.3,54.2,,
2022/7/22 21:44,33.2,54.9,,
2022/7/22 21:49,33.3,54.5,,
2022/7/22 21:54,33.2,54.1,,
2022/7/22 21:59,33.2,53.8,,
2022/7/22 22:04,33.1,53.5,,
2022/7/22 22:09,33.1,53.2,,
2022/7/22 22:14,33.1,52.6,,
2022/7/22 22:19,33.1,53.2,,
2022/7/22 22:24,33,52.7,,
2022/7/22 22:29,33,52,,
2022/7/22 22:34,33.1,51.8,,
2022/7/22 22:39,32.9,50.8,,
2022/7/22 22:44,33,51.7,,
2022/7/22 22:49,33.1,51,,
2022/7/22 22:54,33,50.8,,
2022/7/22 22:59,33.1,51.1,,
2022/7/22 23:04,33.1,51.1,,
2022/7/22 23:09,33.2,50.9,,
2022/7/22 23:14,33.1,51.7,,
2022/7/22 23:19,33,51.4,,
2022/7/22 23:24,33.1,52.1,,
2022/7/22 23:29,33.1,52.6,,
2022/7/22 23:34,33.2,52.4,,
2022/7/22 23:39,33,51.3,,
2022/7/22 23:44,33.1,51.6,,
2022/7/22 23:49,33.1,51.9,,
2022/7/22 23:54,33,51.8,,
2022/7/22 23:59,33.1,51.4,,
2022/7/23 0:04,33,52.2,,
2022/7/23 0:09,33,52.1,,
2022/7/23 0:14,33,52.1,,
2022/7/23 0:19,32.9,53,,
2022/7/23 0:24,32.9,53,,
2022/7/23 0:29,32.9,52.7,,
2022/7/23 0:34,32.8,53.2,,
2022/7/23 0:39,32.9,54.4,,
2022/7/23 0:44,32.9,53.4,,
2022/7/23 0:49,32.9,53.9,,
2022/7/23 0:54,32.9,53.3,,
2022/7/23 0:59,33,53.5,,
2022/7/23 1:04,32.9,53.8,,
2022/7/23 1:09,32.9,54.1,,
2022/7/23 1:14,32.9,54,,
2022/7/23 1:19,32.9,54.4,,
2022/7/23 1:24,32.8,54.8,,
2022/7/23 1:29,32.8,54.5,,
2022/7/23 1:34,32.8,54.8,,
2022/7/23 1:39,32.6,55.3,,
2022/7/23 1:44,32.7,54.9,,
2022/7/23 1:49,32.8,55.2,,
2022/7/23 1:54,32.8,55.2,,
2022/7/23 1:59,32.7,55.1,,
2022/7/23 2:04,32.8,55.3,,
2022/7/23 2:09,32.7,55.5,,
2022/7/23 2:14,32.7,55.3,,
2022/7/23 2:19,32.7,55.8,,
2022/7/23 2:24,32.7,55.5,,
2022/7/23 2:29,32.7,55.5,,
2022/7/23 2:34,32.7,56,,
2022/7/23 2:39,32.8,55.9,,
2022/7/23 2:44,32.7,56.4,,
2022/7/23 2:49,32.8,56.1,,
2022/7/23 2:54,32.7,56.4,,
2022/7/23 2:59,32.7,56.2,,
2022/7/23 3:04,32.7,56.2,,
2022/7/23 3:09,32.8,56.4,,
2022/7/23 3:14,32.6,56.1,,
2022/7/23 3:19,32.7,56.2,,
2022/7/23 3:24,32.7,56.5,,
2022/7/23 3:29,32.7,56.4,,
2022/7/23 3:34,32.6,56.9,,
2022/7/23 3:39,32.6,56.6,,
2022/7/23 3:44,32.6,56.9,,
2022/7/23 3:49,32.7,56.9,,
2022/7/23 3:54,32.6,56.9,,
2022/7/23 3:59,32.5,56.9,,
2022/7/23 4:04,32.5,57,,
2022/7/23 4:09,32.5,57.1,,
2022/7/23 4:14,32.5,57.3,,
2022/7/23 4:19,32.5,57.6,,
2022/7/23 4:24,32.5,57.4,,
2022/7/23 4:29,32.5,57.3,,
2022/7/23 4:34,32.5,57.6,,
2022/7/23 4:39,32.4,57.3,,
2022/7/23 4:44,32.5,57.4,,
2022/7/23 4:49,32.5,57.5,,
2022/7/23 4:54,32.5,57.6,,
2022/7/23 4:59,32.6,57.8,,
2022/7/23 5:04,32.5,57.6,,
2022/7/23 5:09,32.6,57.8,,
2022/7/23 5:14,32.5,57.6,,
2022/7/23 5:19,32.6,58.1,,
2022/7/23 5:24,32.5,57.8,,
2022/7/23 5:29,32.4,57.8,,
2022/7/23 5:34,32.5,57.9,,
2022/7/23 5:39,32.5,57.9,,
2022/7/23 5:44,32.5,58,,
2022/7/23 5:49,32.5,57.6,,
2022/7/23 5:54,32.5,57.8,,
2022/7/23 5:59,32.5,58,,
2022/7/23 6:04,32.5,58.3,,
2022/7/23 6:09,32.6,57.9,,
2022/7/23 6:14,32.7,57.9,,
2022/7/23 6:19,32.7,57.8,,
2022/7/23 6:24,32.7,57.6,,
2022/7/23 6:29,32.7,58.1,,
2022/7/23 6:34,32.7,58.3,,
2022/7/23 6:39,32.7,58.1,,
2022/7/23 6:44,32.7,57.8,,
2022/7/23 6:49,32.6,57.9,,
2022/7/23 6:54,32.8,57.9,,
2022/7/23 6:59,32.7,57.7,,
2022/7/23 7:04,32.8,57.8,,
2022/7/23 7:09,32.8,57.5,,
2022/7/23 7:14,32.8,57.7,,
2022/7/23 7:19,32.9,57.3,,
2022/7/23 7:24,33,57.3,,
2022/7/23 7:29,32.9,57.4,,
2022/7/23 7:34,33,57.3,,
2022/7/23 7:39,33,57.1,,
2022/7/23 7:44,33,57.7,,
2022/7/23 7:49,33,57.4,,
2022/7/23 7:54,33.1,57.4,,
2022/7/23 7:59,33.1,57.2,,
2022/7/23 8:04,33.1,57.8,,
2022/7/23 8:09,33.2,57.5,,
2022/7/23 8:14,33.2,57.5,,
2022/7/23 8:19,33.3,57.9,,
2022/7/23 8:24,33.1,58.2,,
2022/7/23 8:29,33.2,57.9,,
2022/7/23 8:34,33.3,58,,
2022/7/23 8:39,33.5,57.4,,
2022/7/23 8:44,33.5,57.3,,
2022/7/23 8:49,33.6,56.8,,
2022/7/23 8:54,33.7,56.7,,
2022/7/23 8:59,33.8,56.6,,
2022/7/23 9:04,33.7,57.1,,
2022/7/23 9:09,33.8,59.1,,
2022/7/23 9:14,34,59,,
2022/7/23 9:19,34.1,59.2,,
2022/7/23 9:24,34.2,59,,
2022/7/23 9:29,34,57.6,,
2022/7/23 9:34,34.1,59.3,,
2022/7/23 9:39,34.2,59.3,,
2022/7/23 9:44,34.4,59.1,,
2022/7/23 9:49,34.5,59.2,,
2022/7/23 9:54,34.5,59.1,,
2022/7/23 9:59,34.5,59.2,,
2022/7/23 10:04,34.7,59,,
2022/7/23 10:09,34.7,58.5,,
2022/7/23 10:14,34.9,58.1,,
2022/7/23 10:19,34.9,58,,
2022/7/23 10:24,35,58,,
2022/7/23 10:29,35,57.7,,
2022/7/23 10:34,34.9,57.9,,
2022/7/23 10:39,34.9,57.2,,
2022/7/23 10:44,35.2,57,,
2022/7/23 10:49,35.3,56.9,,
2022/7/23 10:54,35.4,57.1,,
2022/7/23 10:59,35.4,56.6,,
2022/7/23 11:04,35.5,56.6,,
2022/7/23 11:09,35.4,56.1,,
2022/7/23 11:14,35.5,55.1,,
2022/7/23 11:19,35.5,54,,
2022/7/23 11:24,35.7,53.5,,
2022/7/23 11:29,35.7,53.4,,
2022/7/23 11:34,35.7,53.3,,
2022/7/23 11:39,35.8,51.7,,
2022/7/23 11:44,36,50.5,,
2022/7/23 11:49,36.2,49.2,,
2022/7/23 11:54,36.1,49.2,,
2022/7/23 11:59,36.1,48.9,,
2022/7/23 12:04,36.1,48.2,,
2022/7/23 12:09,36.2,47.8,,
2022/7/23 12:14,36.2,47.8,,
2022/7/23 12:19,36.2,47.6,,
2022/7/23 12:24,36.3,47.3,,
2022/7/23 12:29,36.1,47.6,,
2022/7/23 12:34,36.1,47.3,,
2022/7/23 12:39,36.1,47.1,,
2022/7/23 12:44,35.8,47.2,,
2022/7/23 12:49,36.1,46.5,,
2022/7/23 12:54,36,46,,
2022/7/23 12:59,36.1,45.5,,
2022/7/23 13:04,36.1,45.2,,
2022/7/23 13:09,36.2,44.7,,
2022/7/23 13:14,36.4,44.2,,
2022/7/23 13:19,36.5,43.6,,
2022/7/23 13:24,36.5,43.2,,
2022/7/23 13:29,36.4,42.9,,
2022/7/23 13:34,36.5,43.6,,
2022/7/23 13:39,36.4,44,,
2022/7/23 13:44,36.5,44.5,,
2022/7/23 13:49,36.4,44.5,,
2022/7/23 13:54,36.5,44,,
2022/7/23 13:59,36.5,44.1,,
2022/7/23 14:04,36.8,43.7,,
2022/7/23 14:09,36.6,44.3,,
2022/7/23 14:14,36.5,44.4,,
2022/7/23 14:19,36.6,43.8,,
2022/7/23 14:24,36.6,44.2,,
2022/7/23 14:29,36.5,44.2,,
2022/7/23 14:34,36.4,44.3,,
2022/7/23 14:39,36.5,44.1,,
2022/7/23 14:44,36.4,43.3,,
2022/7/23 14:49,36.6,43.5,,
2022/7/23 14:54,36.6,43.4,,
2022/7/23 14:59,36.6,43.4,,
2022/7/23 15:04,36.6,43.6,,
2022/7/23 15:09,36.6,43.9,,
2022/7/23 15:14,36.5,43.6,,
2022/7/23 15:19,36.6,42.7,,
2022/7/23 15:24,36.7,42.7,,
2022/7/23 15:29,36.6,42.6,,
2022/7/23 15:34,36.7,41.9,,
2022/7/23 15:39,36.7,41.7,,
2022/7/23 15:44,36.5,41.9,,
2022/7/23 15:49,36.5,41.6,,
2022/7/23 15:54,36.5,41.3,,
2022/7/23 15:59,36.4,41.1,,
2022/7/23 16:04,36.5,40.8,,
2022/7/23 16:09,36.5,40.5,,
2022/7/23 16:14,36.4,40.3,,
2022/7/23 16:19,36.5,40.3,,
2022/7/23 16:24,36.4,40.1,,
2022/7/23 16:29,36.3,40.2,,
2022/7/23 16:34,36.2,40.8,,
2022/7/23 16:39,36.1,40.9,,
2022/7/23 16:44,36.1,40.6,,
2022/7/23 16:49,36.2,40.6,,
2022/7/23 16:54,36.3,40.5,,
2022/7/23 16:59,36.4,40.5,,
2022/7/23 17:04,36.6,40.3,,
2022/7/23 17:09,36.6,40.1,,
2022/7/23 17:14,36.4,40.6,,
2022/7/23 17:19,36.2,42,,
2022/7/23 17:24,36.2,43.6,,
2022/7/23 17:29,36,42.9,,
2022/7/23 17:34,35.5,44.1,,
2022/7/23 17:39,35.7,45.3,,
2022/7/23 17:44,35.8,47.9,,
2022/7/23 17:49,35.8,48.5,,
2022/7/23 17:54,35.9,47.4,,
2022/7/23 17:59,35.7,47.6,,
2022/7/23 18:04,35.5,48.1,,
2022/7/23 18:09,35.3,48.3,,
2022/7/23 18:14,35.4,48.8,,
2022/7/23 18:19,35.5,49.8,,
2022/7/23 18:24,35.5,51.3,,
2022/7/23 18:29,35.5,51.2,,
2022/7/23 18:34,35.5,50.8,,
2022/7/23 18:39,35.5,52.3,,
2022/7/23 18:44,35.5,52.7,,
2022/7/23 18:49,35.5,53,,
2022/7/23 18:54,35.4,52.2,,
2022/7/23 18:59,35.3,52.7,,
2022/7/23 19:04,35.2,53,,
2022/7/23 19:09,35,53.2,,
2022/7/23 19:14,35.3,53,,
2022/7/23 19:19,35.2,53.1,,
2022/7/23 19:24,35.2,53.5,,
2022/7/23 19:29,35.2,53.6,,
2022/7/23 19:34,35.2,53.5,,
2022/7/23 19:39,35.2,53.7,,
2022/7/23 19:44,35.3,53.8,,
2022/7/23 19:49,35.2,53.9,,
2022/7/23 19:54,35.1,54.2,,
2022/7/23 19:59,35.1,54.6,,
2022/7/23 20:04,35,54.8,,
2022/7/23 20:09,35,55,,
2022/7/23 20:14,35,55.2,,
2022/7/23 20:19,35,55.1,,
2022/7/23 20:24,34.9,55.3,,
2022/7/23 20:29,34.9,55.3,,
2022/7/23 20:34,35,55.5,,
2022/7/23 20:39,34.9,55.4,,
2022/7/23 20:44,34.9,55.7,,
2022/7/23 20:49,34.8,55.6,,
2022/7/23 20:54,35,55.5,,
2022/7/23 20:59,34.8,55.6,,
2022/7/23 21:04,34.8,55.6,,
2022/7/23 21:09,34.8,55.8,,
2022/7/23 21:14,34.8,56,,
2022/7/23 21:19,34.7,56,,
2022/7/23 21:24,34.7,56,,
2022/7/23 21:29,34.7,56,,
2022/7/23 21:34,34.7,55.9,,
2022/7/23 21:39,34.6,55.7,,
2022/7/23 21:44,34.6,55.7,,
2022/7/23 21:49,34.5,55.7,,
2022/7/23 21:54,34.5,55.6,,
2022/7/23 21:59,34.5,55.4,,
2022/7/23 22:04,34.6,55.4,,
2022/7/23 22:09,34.6,55.2,,
2022/7/23 22:14,34.6,55.2,,
2022/7/23 22:19,34.5,55.1,,
2022/7/23 22:24,34.4,55.3,,
2022/7/23 22:29,34.3,55.1,,
2022/7/23 22:34,34.4,55.3,,
2022/7/23 22:39,34.3,55.2,,
2022/7/23 22:44,34.4,54.9,,
2022/7/23 22:49,34.4,54.9,,
2022/7/23 22:54,34.4,54.6,,
2022/7/23 22:59,34.4,54.5,,
2022/7/23 23:04,34.4,54.4,,
2022/7/23 23:09,34.5,54.1,,
2022/7/23 23:14,34.5,54,,
2022/7/23 23:19,34.4,53.9,,
2022/7/23 23:24,34.4,53.9,,
2022/7/23 23:29,34.4,53.8,,
2022/7/23 23:34,34.4,53.7,,
2022/7/23 23:39,34.4,53.7,,
2022/7/23 23:44,34.3,53.8,,
